,names,scores,logfoldchanges,pvals,pvals_adj
4,CDV3,39.285103,6.111675,0.0,0.0
7,TCF4,37.899235,5.4752626,0.0,0.0
8,LINC01857,36.87793,6.887809,1.0437288757863575e-297,2.7372369616872666e-294
9,YBX3,36.48739,6.371898,1.7577654197374358e-291,4.1488537202062696e-288
10,ACTG1,33.585445,6.716359,2.7365382754162692e-247,5.871864810422746e-244
11,HLA-B,33.3202,29.367786,1.9687452154768032e-243,3.872357776741582e-240
12,PMAIP1,33.16149,5.1587367,3.8678183920611774e-241,7.022470577524613e-238
13,TMSB10,32.949486,15.04343,4.302565801054936e-238,7.253818614449976e-235
14,MYL6,32.782597,4.352993,1.0424462796371404e-235,1.6403239692183616e-232
15,ACSM3,31.95229,3.609014,5.02097708590332e-224,7.406882634911003e-221
16,CALR,31.575306,6.4133115,8.060482678827912e-219,1.119126898049266e-215
17,CD69,31.520758,8.80749,4.513213653205419e-218,5.918076769811529e-215
18,ST6GAL1,31.277803,3.544571,9.352021290012683e-215,1.1617671500429965e-211
19,COL9A3,31.112011,3.529862,1.6569775525815223e-212,1.9554820586790835e-209
20,VIM,31.107666,5.5749288,1.8970645128411445e-212,2.132210176028073e-209
21,PAK2,31.051914,3.326586,1.0749647051944643e-211,1.1532905425774973e-208
22,SERF2,30.923042,5.898511,5.8548486414505215e-210,6.008347499311159e-207
23,TLE5,29.611837,4.534919,1.052066210718631e-192,1.0346632821496603e-189
24,MCTP2,29.23712,3.4439785,6.547249079478328e-188,6.18138880091708e-185
26,CCNL1,28.724771,3.5185578,1.8717680432829074e-181,1.63627189354098e-178
28,BCL2,28.660435,3.2782142,1.188337161881128e-180,9.671835183406987e-178
29,CD37,28.063084,12.445576,2.7658829697321818e-173,2.1761045244862895e-170
30,B2M,28.052692,25.593464,3.703545952781073e-173,2.8198321007577958e-170
31,HLA-C,27.906126,14.703233,2.2483142462963246e-171,1.6583425361041296e-168
32,LYN,27.730677,3.332168,2.980359364258972e-169,2.1316794568061976e-166
33,PPIA,27.663565,5.812007,1.91687218565834e-168,1.3307039470027587e-165
35,CD52,27.44075,8.246754,8.958340031737515e-166,5.873436104697239e-163
36,CNBP,27.428827,3.1557188,1.2430011633952797e-165,7.929339583680753e-163
37,ACTB,26.923155,9.488904,1.1767093311730464e-159,7.308913248336161e-157
38,HLA-A,26.839462,13.694447,1.1196876022762947e-158,6.776406788853175e-156
39,PPIB,26.516935,3.2579563,6.182868829811984e-155,3.5593720241476163e-152
40,PLEKHG1,26.37224,2.448294,2.853251491043738e-153,1.6034594034072703e-150
41,GNAS,26.309067,4.868743,1.5102646035083391e-152,8.289947775955192e-150
42,LAPTM5,26.16474,13.743021,6.698680157086322e-151,3.593385176084283e-148
43,RAB7A,26.090939,2.5147028,4.6199199564575306e-150,2.4231993496059355e-147
44,FOXP1,25.946375,3.310185,1.9979126305665078e-148,1.0251463438969844e-145
45,FYTTD1,25.876226,2.4466913,1.233505128230424e-147,6.1945577748133396e-145
46,CKAP4,25.73903,2.6768434,4.277066467612746e-146,2.103158329897159e-143
47,SERPINB9,25.642065,4.1826844,5.183726305606856e-145,2.4969692243109925e-142
48,SPINT2,25.202785,2.353053,3.7336330655163407e-140,1.7624988249076438e-137
49,BTG2,25.092066,2.5949857,6.070864666272404e-139,2.8096199748632854e-136
50,SRP14,25.0037,3.2115858,5.572383473057486e-138,2.52932629066492e-135
51,GSTP1,24.905937,3.8342576,6.416059757157979e-137,2.857325631098109e-134
52,RNF7,24.759201,2.318438,2.4678902347444514e-135,1.0786965409383941e-132
53,S100A6,24.598383,2.787612,1.3145472082584967e-133,5.641319592095509e-131
54,PPP1CC,24.558334,2.944256,3.523374959264503e-133,1.4665097988555706e-130
55,SKIL,24.55793,2.6033955,3.558714138748296e-133,1.4665097988555706e-130
56,ETS1,24.557419,2.7065046,3.603676156997971e-133,1.4665097988555706e-130
57,IFNGR2,24.405016,2.7098248,1.5128634159922437e-131,6.052222916553377e-129
58,EEF2,24.276825,9.719847,3.4451415155403206e-130,1.355261253188303e-127
59,HLA-E,24.21271,5.3000326,1.634728806394499e-129,6.325328527431043e-127
60,RHOA,24.0908,3.019986,3.121299355777146e-128,1.188258527329161e-125
61,CLIC1,23.968288,2.2598667,5.957434339332288e-127,2.2319575033533333e-124
62,UBALD2,23.92743,3.8687646,1.5876261295023558e-126,5.855115552288141e-124
63,HVCN1,23.78899,2.752891,4.3420255666081123e-125,1.5766896838254042e-122
64,PSAP,23.696737,2.3902667,3.896137931844103e-124,1.3933415697775206e-121
65,SF3B1,23.473831,2.4478116,7.549754268642232e-122,2.6596544776531733e-119
66,PPP1R2,23.417843,2.4076805,2.8122808935666274e-121,9.761509695713692e-119
67,SEC61B,23.357471,3.0985231,1.1571386208337294e-120,3.958252589498336e-118
68,RBM38,23.274536,3.5400076,8.030194085761705e-120,2.707666728660479e-117
69,CD79A,23.258791,7.921147,1.159063597931549e-119,3.8531518453490634e-117
70,KLF2,23.05129,4.2451525,1.4277089604204158e-117,4.680307582333761e-115
71,TUBA1B,22.64554,2.2376673,1.543666499905127e-113,4.991117862638454e-111
72,TRA2B,22.489958,2.2780461,5.204950390822521e-112,1.6601681631700537e-109
73,RUBCN,22.48891,2.2533948,5.329209217167363e-112,1.677137668704017e-109
74,XRN1,22.467028,2.131089,8.723667543879953e-112,2.709272697871033e-109
75,PDIA3,22.449543,2.3690157,1.2929275231755996e-111,3.9632426401965814e-109
76,SKAP1,22.349607,2.7779198,1.2180898679691635e-110,3.685971173548227e-108
77,RHOB,22.147943,2.5110543,1.0919060364470768e-108,3.2623111618051085e-106
78,SEC62,22.13559,2.1784682,1.4362446689770036e-108,4.237460365233027e-106
79,CXXC5,22.08129,2.5335686,4.782488401630855e-108,1.3935935030085565e-105
80,MS4A1,22.073372,8.8276415,5.69805123170608e-108,1.6401354051458366e-105
81,EML6,21.984259,4.253449,4.073926025828212e-107,1.1447247141383725e-104
82,ARPC3,21.88478,3.5436106,3.627456731700852e-106,1.0072807204510025e-103
83,ATP5F1A,21.832615,2.3097963,1.1372526427280296e-105,3.1212295495708935e-103
84,HSP90B1,21.67864,3.6485722,3.2637339098211284e-104,8.85447258316185e-102
85,ISCU,21.634863,2.2306557,8.439833534484374e-104,2.2636976240276668e-101
86,RUBCNL,21.585785,2.457969,2.443002466227179e-103,6.478897439366303e-101
87,COX7C,21.52773,3.6418633,8.562614559584904e-103,2.2455932383320277e-100
88,VOPP1,21.47033,2.9985373,2.9492628538202073e-102,7.649610015243776e-100
89,PPP1R14B,21.44405,2.906458,5.189619549887127e-102,1.3314194590868029e-99
90,CIRBP,21.411448,3.1702366,1.045141086984918e-101,2.624304795330321e-99
91,POU2F2,21.327858,3.1528227,6.260900093407971e-101,1.5555371042600876e-98
93,CHCHD2,21.287771,2.4447649,1.4736972167503404e-100,3.5859459182431215e-98
94,ACAP2,21.165209,2.0596256,1.9987815333052435e-99,4.814004135775885e-97
95,RAB30,21.148993,2.5088556,2.8189661007337796e-99,6.720813825820142e-97
96,SNX3,21.140865,2.2080913,3.348806319225884e-99,7.904187555268854e-97
97,CTSS,21.109888,2.512434,6.452610954809111e-99,1.5079304590728658e-96
98,NEAT1,21.008682,2.498918,5.462965129239093e-98,1.264140842602258e-95
99,MORF4L1,21.001955,2.0205483,6.294096090092632e-98,1.4423257282956931e-95
100,GABARAP,20.926153,2.4396875,3.0948906033359927e-97,7.023913741398023e-95
101,UBB,20.925434,2.462857,3.1419680586381734e-97,7.06284496076541e-95
102,RAB5C,20.860245,2.0673845,1.2304049284087563e-96,2.7397403325690447e-94
103,ATP6V0C,20.753162,2.1735787,1.1478515131448325e-95,2.5320317069866804e-93
104,RACK1,20.66727,10.208243,6.826959168558725e-95,1.4920066412545517e-92
105,MBD4,20.634996,2.1257927,1.331540462209704e-94,2.8833348192234534e-92
106,EMP3,20.601768,4.0921187,2.646052153943732e-94,5.6777062717758105e-92
107,FXR1,20.458971,2.0483155,4.998218495028056e-93,1.062819379622948e-90
108,PIM1,20.448238,3.2282097,6.228313729662152e-93,1.3125615085822837e-90
109,CYB5R3,20.371206,2.0639148,3.0116609375023155e-92,6.290640098041341e-90
110,NPC2,20.172173,2.1351926,1.719170870428026e-90,3.559437724097605e-88
111,DAZAP2,20.14223,2.1125765,3.1484448896356798e-90,6.461977802614865e-88
112,FAU,19.944805,9.882086,1.6629781136515485e-88,3.3837303807342675e-86
113,IL4R,19.919912,2.2522295,2.7346813480949e-88,5.5168105862464886e-86
114,SLC25A6,19.850391,5.092789,1.0934449502009653e-87,2.1687883327389396e-85
115,EBLN3P,19.824335,1.9256905,1.8359167732168241e-87,3.611095299853058e-85
116,RHOH,19.803291,2.3561664,2.7886967843163036e-87,5.439802495885762e-85
117,GRB2,19.801615,2.1629438,2.8830001068085612e-87,5.577659960737908e-85
118,ATP5MC2,19.749187,2.9690633,8.15196625012493e-87,1.5643159300951117e-84
119,RPN1,19.46282,2.1773736,2.269435160172049e-84,4.319796619801684e-82
120,PELI1,19.430128,1.8769999,4.2928698882195655e-84,8.105968637731712e-82
121,NIBAN3,19.310654,2.608632,4.370104651563661e-83,8.186315880226753e-81
123,EML4,19.181494,1.9610533,5.284076080234632e-82,9.668220753626202e-80
124,ANXA11,19.162975,2.345247,7.54363178396983e-82,1.3696333922849223e-79
125,ABCG1,19.150162,2.4552002,9.648615036907641e-82,1.7384447382910767e-79
126,NCK2,19.13269,1.7566571,1.3492796742569656e-81,2.4126551629914512e-79
127,UBC,19.100613,5.223002,2.4954033706313596e-81,4.428496673459548e-79
128,EIF4A2,19.06347,1.7724142,5.079100237173119e-81,8.946418126716204e-79
129,COPB2,18.996515,2.0492344,1.8224968215356642e-80,3.186399442867132e-78
130,SERP1,18.991947,2.2293267,1.9881469509135657e-80,3.450458270765654e-78
131,RASA2,18.972094,2.0387728,2.901144715478177e-80,4.998227643754118e-78
132,KLHL24,18.86356,1.9242277,2.273805903734451e-79,3.8890319381046555e-77
133,ATP6V0B,18.836456,1.9321184,3.7954272967439997e-79,6.444853991730117e-77
134,RBM17,18.818422,2.0348856,5.335020389368472e-79,8.994463303590288e-77
135,ID3,18.798555,2.5257235,7.760184819792514e-79,1.2990329241245582e-76
136,EIF3F,18.780115,2.1594646,1.0984235221789555e-78,1.8257810136612597e-76
137,RALGPS2,18.759502,2.3106353,1.61909058667365e-78,2.672405252955116e-76
138,CD44,18.719141,2.3579977,3.456844754438079e-78,5.666104634652916e-76
139,TSC22D3,18.650406,7.2244763,1.2532381797138226e-77,2.0400124659162314e-75
140,CCDC50,18.588175,1.8471215,4.005812302154777e-77,6.475971764915014e-75
141,RNF126,18.578241,1.6550462,4.82047082962526e-77,7.739970951812586e-75
142,IL10RA,18.5634,2.1902444,6.355232845421494e-77,1.0135308165573211e-74
143,CXCR4,18.516848,4.949312,1.5102419168941856e-76,2.3923650982854673e-74
144,CFL1,18.499376,2.4841125,2.088773514560845e-76,3.2867547509453085e-74
145,LIMD2,18.477022,3.185329,3.16151743714536e-76,4.941807686684897e-74
146,ADD1,18.442799,2.0873907,5.95755817920019e-76,9.251068796293558e-74
147,GMFG,18.438572,1.9686022,6.442017894063465e-76,9.93797048062614e-74
148,SLC15A4,18.39206,2.4176729,1.5209188116039063e-75,2.3310549811874674e-73
149,SLA,18.352587,2.7562363,3.147590979632776e-75,4.7930703156304773e-73
150,ANKRD11,18.259954,1.9113297,1.7243410332347243e-74,2.6089500902204615e-72
151,CAMK2D,18.249119,2.0841105,2.1027551547420125e-74,3.16123120492839e-72
153,UGCG,18.14841,2.1986911,1.3217040873501364e-73,1.9620239983475012e-71
154,DHX36,18.093784,1.6246384,3.56733428047219e-73,5.262486938874069e-71
155,YWHAZ,18.012066,2.1069396,1.566714177249083e-72,2.296841908422988e-70
156,FCMR,18.009436,1.8936521,1.6429679486459437e-72,2.393763734067297e-70
157,MEF2A,17.959846,1.7499106,4.019157721725798e-72,5.81988832551497e-70
158,IL2RA,17.950163,2.9466274,4.785053980087405e-72,6.886684700731891e-70
159,TRAPPC10,17.920153,1.6941304,8.210264568858431e-72,1.1744659067803971e-69
160,SYNE2,17.88576,2.2854054,1.5226612755778607e-71,2.1650225353894123e-69
161,WASF2,17.820099,1.7086129,4.9348976633822926e-71,6.974753865198338e-69
162,EIF1,17.709497,6.5712733,3.542222924067289e-70,4.976612361711918e-68
163,ROCK1,17.689264,1.8353467,5.073368951744101e-70,7.08560516970509e-68
164,RAC1,17.590532,1.6412265,2.9112924022145394e-69,4.0420726217335166e-67
165,OGFR,17.540749,1.6262381,7.000010152319802e-69,9.662060796795572e-67
166,SPOCK2,17.487326,1.6472857,1.7896283260455434e-68,2.455848684863544e-66
167,PSMD2,17.427816,2.0598438,5.074711411948849e-68,6.923607714232872e-66
168,HSP90AA1,17.305513,1.8375143,4.274470226914086e-67,5.765161186620181e-65
169,DNAJB11,17.223076,2.030453,1.782555940540816e-66,2.390549310487777e-64
170,SNRPD2,17.108496,1.962336,1.2826877996784133e-65,1.7104678042830276e-63
171,SLCO4A1,17.075123,2.0126977,2.2734565411085325e-65,3.014628917965432e-63
172,SEPTIN2,17.05955,1.5382298,2.9683766323219133e-65,3.914111377245482e-63
173,ITPR2,17.00835,1.928236,7.1214075731750535e-65,9.338143497202822e-63
174,NDUFA4,17.00538,1.7247033,7.491759639964174e-65,9.769502916136708e-63
175,ST3GAL5,16.990395,2.645854,9.67354212449538e-65,1.2545308503542002e-62
176,NCBP2,16.977648,1.97429,1.2020794452147797e-64,1.5504197347215544e-62
177,CD81,16.966812,1.6049712,1.44571620578464e-64,1.8545238915834161e-62
178,BEX2,16.949274,1.9847517,1.948437690833102e-64,2.4858905306342544e-62
180,SUMO2,16.930637,1.7871237,2.6746594952558634e-64,3.3759351907232165e-62
181,ATP11B,16.928373,1.7874249,2.7795399772058403e-64,3.489653302233481e-62
182,OTULIN,16.89902,2.3318024,4.5745694750153153e-64,5.712886948083941e-62
183,MTSS1,16.759401,1.667831,4.8346352091257813e-63,6.0058892021576744e-61
184,DMD,16.752806,2.8939722,5.401739090051189e-63,6.675248572904619e-61
185,EEF1A1,16.675459,29.124739,1.9768695107884857e-62,2.4302109928719076e-60
186,HLA-F,16.638632,1.5397304,3.658876602519159e-62,4.474635463692213e-60
187,SYAP1,16.603453,1.8208256,6.579571689342939e-62,8.005032504307288e-60
188,LITAF,16.596489,1.733218,7.388787400606867e-62,8.94346405212943e-60
189,HSP90AB1,16.589958,4.408016,8.23767876665362e-62,9.920098567822725e-60
190,BACH2,16.578678,1.5472353,9.939212448529943e-62,1.1908387381860521e-59
191,ATP6V1G1,16.508804,1.5566984,3.1710735046709156e-61,3.780143834886244e-59
192,U2SURP,16.50828,1.5348803,3.198697948756337e-61,3.7939129489696395e-59
193,FTL,16.449543,5.106252,8.450236612480232e-61,9.972546738218547e-59
194,CYB561A3,16.413017,2.316758,1.5434220284972967e-60,1.8124074695831688e-58
195,YWHAH,16.389118,1.7386345,2.2873536802617496e-60,2.6726935106543603e-58
196,TPM4,16.369553,1.7115772,3.1552090564206173e-60,3.668591101413588e-58
197,HNRNPA3,16.369226,1.5544974,3.172216102916138e-60,3.6702851312318436e-58
198,FCER2,16.341036,1.7520537,5.038951432666884e-60,5.8016766178164124e-58
199,CDKN1A,16.321,1.8986083,6.998096888303596e-60,8.018256352166494e-58
200,YBX1,16.229845,2.411037,3.1024181235443283e-59,3.537506037198878e-57
201,CLINT1,16.213629,1.8156836,4.039879385636015e-59,4.5842919778445606e-57
202,OXA1L,16.213158,1.6245953,4.070975213323902e-59,4.597475022013592e-57
203,GNAI2,16.204966,1.5649004,4.651458276421023e-59,5.228017604684067e-57
204,LY6E,16.18561,1.7669722,6.371584030006175e-59,7.127416960200747e-57
205,ARPC1B,16.170128,2.0606198,8.192923012271991e-59,9.121583106540368e-57
207,AP2M1,16.123549,2.1587117,1.7430542501704548e-58,1.9224910965781889e-56
208,HIGD2A,16.062588,1.668154,4.666699580399247e-58,5.123167916100625e-56
209,MBD2,16.05179,1.4569703,5.553847903270588e-58,6.068864447263689e-56
210,ST6GALNAC4,16.050638,1.7033834,5.6578745425903705e-58,6.154046674136429e-56
211,ARHGAP25,16.01656,1.351161,9.792115239534383e-58,1.0601986054987615e-55
212,MAP1LC3B,15.990803,1.6249008,1.4810945809577742e-57,1.596268282846865e-55
213,NCF1,15.974587,1.9004481,1.9212055036607007e-57,2.061191522859251e-55
214,PDIA6,15.967743,1.783409,2.144049673206594e-57,2.2898644541491055e-55
215,SF1,15.952051,1.8953805,2.7569144254826353e-57,2.931146449759759e-55
216,SLC25A5,15.946593,1.6650827,3.00865886322538e-57,3.1844562846954546e-55
217,EZR,15.938191,4.904076,3.4417066984352345e-57,3.626544785855662e-55
218,TRAPPC2L,15.857062,2.1417766,1.2563424323909472e-56,1.3179311302988233e-54
219,FNBP1,15.854707,1.8787189,1.304349427600272e-56,1.3622371477720895e-54
220,TGFBR2,15.8398,1.9759457,1.6534535511465708e-56,1.7192274963750004e-54
221,CAPNS1,15.835311,1.7068415,1.7757839963652315e-56,1.838325862553007e-54
222,CSNK1E,15.76159,1.9431814,5.717647642706334e-56,5.893171934969327e-54
223,HDAC7,15.705405,2.0076096,1.3888714496281585e-55,1.4252840358944967e-53
224,SARAF,15.67232,2.5317118,2.3388283382620495e-55,2.3897560722077557e-53
225,ATP2A3,15.653749,1.8654755,3.1321058829117375e-55,3.186512722170937e-53
226,HIST1H1E,15.609082,1.8717812,6.313909754913745e-55,6.396017680052753e-53
227,TCP11L2,15.585001,1.43016,9.20619901403321e-55,9.28606475761649e-53
228,ATP5F1E,15.568328,2.8037918,1.1949084228720966e-54,1.2001456810659616e-52
229,CCDC88A,15.543357,3.3493075,1.7649175767917026e-54,1.765141930720956e-52
230,SSR2,15.51815,1.5482626,2.614801440681566e-54,2.6040995107344727e-52
231,EIF3L,15.505507,1.6389061,3.1838916842428533e-54,3.1575376228228597e-52
232,NOP58,15.485301,1.3854778,4.360179745671904e-54,4.3059967588742235e-52
233,SEL1L3,15.452726,1.4151742,7.231880768231298e-54,7.112253407190139e-52
234,SESN3,15.4378195,1.7510711,9.112915080419529e-54,8.924984839964404e-52
235,FBXO10,15.383533,1.5882572,2.111071368487829e-53,2.0589924591081914e-51
236,CD83,15.359178,4.576269,3.07451533355359e-53,2.9863286180191515e-51
237,TCFL5,15.347765,2.1205754,3.66600288398113e-53,3.5462568061724025e-51
238,PARP15,15.250342,2.1543093,1.6377265738339221e-52,1.577765727436819e-50
239,MEX3C,15.207808,1.8998352,3.138780531246949e-52,3.011570604838282e-50
240,IQSEC1,15.131247,1.6954622,1.0076843819348843e-51,9.629301403566426e-50
242,AFDN,15.084302,2.0620313,2.054360269635396e-51,1.9473520258716568e-49
243,UQCR11,15.081069,1.5886849,2.1574634631335391e-51,2.0369044048136372e-49
244,STK4,15.06382,1.6072537,2.801222590869896e-51,2.6341536578606435e-49
245,HMGB1,15.037436,2.0063877,4.174078609435088e-51,3.909554659464142e-49
246,SH3BP5,15.033811,2.4312065,4.408965555652179e-51,4.113233755338276e-49
247,CCDC18-AS1,14.983765,1.96027,9.37531905376519e-51,8.71203368606377e-49
248,HIST1H1C,14.982953,1.620503,9.490507580749794e-51,8.784488252095585e-49
249,SP100,14.969695,1.5110153,1.158509417033237e-50,1.0681366316498238e-48
250,ZNF595,14.95492,2.6639214,1.446565107272893e-50,1.3285321489090309e-48
251,S100A10,14.926755,1.5605932,2.2074908128759515e-50,2.0195118471438403e-48
252,SNRPB,14.917267,1.3154113,2.544852340370371e-50,2.3191563625390686e-48
253,OPA1,14.910121,1.8688258,2.832378790545814e-50,2.571255253586648e-48
254,TSPO,14.881303,2.6592355,4.359280733275712e-50,3.9422261742339703e-48
255,RSRC1,14.853361,1.6047124,6.616641762845061e-50,5.96078608887145e-48
256,SH3BGRL3,14.821532,2.1382186,1.0633079005435778e-49,9.542683032901167e-48
257,PFN1,14.8140335,2.1921656,1.1888736212139654e-49,1.0629160636936827e-47
258,UCP2,14.801116,1.5674543,1.4407225131138967e-49,1.2832216406425397e-47
259,CNR1,14.789508,2.0688794,1.7120209430177252e-49,1.5191289593250891e-47
260,ROMO1,14.737825,1.4939078,3.6846061815270544e-49,3.2572194645162195e-47
261,DOCK10,14.73365,2.547089,3.919501674169269e-49,3.451940224455868e-47
262,DDX39A,14.722552,1.2662435,4.6189428372347696e-49,4.0528218508272217e-47
263,ARMH1,14.704832,2.0714011,6.00199326686432e-49,5.24685359547402e-47
264,MPG,14.694414,2.34431,7.000129635357191e-49,6.096828774292833e-47
265,H1FX,14.691744,5.0199423,7.281499746469814e-49,6.318574945438494e-47
266,PPFIBP2,14.685724,1.4686178,7.957957700908934e-49,6.880281158042255e-47
267,PHB2,14.677034,1.3012872,9.046165342586619e-49,7.792578123396787e-47
268,TENT5C,14.644053,1.3827897,1.4703414170147907e-48,1.26198067148364e-46
269,OCIAD2,14.63963,1.4284024,1.5691953201879537e-48,1.3419462732752272e-46
270,TMEM243,14.596729,1.6059575,2.946445937012623e-48,2.5016173903348536e-46
271,SQSTM1,14.589453,1.563796,3.2781591109181465e-48,2.7732756091398213e-46
272,RAB11B,14.579245,1.4081771,3.8070532290379865e-48,3.209209905892271e-46
273,RIPOR1,14.574546,1.525635,4.078228634715001e-48,3.425566920468974e-46
274,ERH,14.563841,1.5958148,4.770072892420718e-48,3.992483350347737e-46
276,SON,14.526803,1.5983148,8.195669388691845e-48,6.81135156976386e-46
277,GNB1,14.492789,1.331646,1.345657824629463e-47,1.1144407591133057e-45
278,HNRNPK,14.4897,1.4002657,1.4075523804633835e-47,1.1616244348278754e-45
279,SELENOT,14.459154,1.395521,2.1947757101473605e-47,1.8049927207877402e-45
280,IRF8,14.454116,1.9930221,2.361429692970157e-47,1.9353064251102297e-45
281,ERGIC3,14.369925,1.507458,7.991856909217963e-47,6.504544780285227e-45
282,CSNK2B,14.332258,1.3107408,1.375724805356364e-46,1.1158499168668817e-44
283,PGAM1,14.323111,1.5639502,1.569386015356174e-46,1.268569113714102e-44
284,C19orf53,14.320519,1.3479596,1.6290157079188099e-46,1.3122750086692036e-44
285,FCGRT,14.2981,3.1333776,2.2486385682608348e-46,1.8052590519272273e-44
286,APH1A,14.291844,1.2555791,2.460057662444667e-46,1.9682963053112363e-44
287,COX6B1,14.284176,1.4638274,2.7464098329002485e-46,2.189983489390019e-44
288,AKAP13,14.271585,1.3989705,3.290133027891205e-46,2.6147141366099703e-44
289,ARMC8,14.240765,1.7669878,5.1164324637597245e-46,4.05245488060808e-44
290,SRSF11,14.227625,1.4555703,6.174363941464605e-46,4.874030505364183e-44
291,LINC01578,14.226787,1.5819213,6.248746130406908e-46,4.916305163866475e-44
292,TMA7,14.216802,1.6963077,7.207275010994695e-46,5.651605052641455e-44
293,TOPBP1,14.212535,1.8281031,7.660177179823058e-46,5.986859668058398e-44
294,SHMT2,14.195639,1.4169363,9.749379345539762e-46,7.594541276989275e-44
295,SEPTIN7,14.189475,1.5264485,1.0645308074088474e-45,8.265171265549679e-44
297,DDX5,14.178416,2.505699,1.2462821424605912e-45,9.61307104852854e-44
298,COX8A,14.168456,1.2626816,1.436229911935357e-45,1.1042128537918642e-43
299,LSM7,14.144454,1.3649856,2.0207905782719825e-45,1.5485948058101819e-43
300,TOMM5,14.134049,1.22969,2.342759423474538e-45,1.7895194392320232e-43
301,MARCH9,14.13189,1.7474507,2.415726059138761e-45,1.839302650769425e-43
302,CALM2,14.130908,1.2904,2.4496360191513753e-45,1.8591240823160742e-43
303,TSTD1,14.120425,2.0673583,2.842699635872283e-45,2.1505204969709452e-43
304,OGT,14.1154785,1.9392912,3.0493954877636896e-45,2.299516987146529e-43
305,EIF3D,14.096122,1.3223761,4.0121949146501877e-45,3.0159183621174645e-43
306,SET,14.084566,2.2413623,4.725538094544549e-45,3.540853195096349e-43
307,ERP29,14.08005,1.4658872,5.0373636083600407e-45,3.762559912915255e-43
308,ELOF1,14.045186,1.9479337,8.245188196364264e-45,6.1391538485421365e-43
309,ZNF266,14.044061,2.363402,8.37722423115937e-45,6.198358104327731e-43
310,SMAD2,14.006984,1.9568596,1.4127934505245454e-44,1.042067619147839e-42
311,CHCHD10,13.968834,1.3792161,2.4154992122162203e-44,1.7761067883470233e-42
312,RAPGEF1,13.9638605,1.3377765,2.5901512999897945e-44,1.898613078685066e-42
313,WDR83OS,13.957565,1.2388126,2.829347609846905e-44,2.0675260568178485e-42
314,EIF2B5,13.954961,1.8236883,2.9346217961008577e-44,2.1378357485607574e-42
315,CORO1B,13.908108,1.777714,5.655577766167038e-44,4.096990442490557e-42
316,TOMM20,13.908069,1.2304032,5.658682727839349e-44,4.096990442490557e-42
317,SLC7A6,13.894366,2.3277059,6.852742462245702e-44,4.946338848207502e-42
318,RIOK3,13.874434,1.5362247,9.050464725086355e-44,6.512747527628452e-42
319,OST4,13.8651285,1.2448224,1.0304089106491317e-43,7.392322649863664e-42
320,EIF2A,13.858362,1.5251566,1.1322765863314531e-43,8.098522505206451e-42
322,AP3B1,13.842462,1.8735961,1.412844867664773e-43,1.0044390786593867e-41
323,SMAD4,13.832306,1.5167539,1.6272022920260326e-43,1.153359029990704e-41
324,MIF,13.828693,1.6834445,1.7110004402057676e-43,1.2091240535981058e-41
325,PSMB1,13.820331,1.1081481,1.921852597437036e-43,1.3540742345464583e-41
328,EIF1B,13.79146,1.2456416,2.8689547588360746e-43,2.003430153041653e-41
329,FKBP8,13.752773,1.4365454,4.901407046813906e-43,3.4126227293790156e-41
330,SETX,13.719858,1.633471,7.721612253299572e-43,5.344669032687091e-41
331,MEF2B,13.672194,4.9003496,1.4883906857013503e-42,1.0272071741113735e-40
332,KLF6,13.657536,2.3745418,1.8203986639710333e-42,1.2526784159098628e-40
333,ZNF107,13.65713,1.6097367,1.8305671598909768e-42,1.2560138568286839e-40
334,PPP1CA,13.604492,1.4923587,3.7657274178381896e-42,2.5763033113981095e-40
335,C18orf32,13.569182,1.3436584,6.099838555600201e-42,4.1611124112090045e-40
336,ATP5F1B,13.555075,1.2370108,7.393709076012687e-42,5.0292136980152e-40
337,ENO1,13.54577,1.8070141,8.392998598046412e-42,5.692527181312915e-40
338,CCNI,13.503287,1.5810996,1.4955094010099212e-41,1.0114185785684004e-39
339,MBP,13.501808,1.4607711,1.5258381881808012e-41,1.0289816787323272e-39
340,CD47,13.500539,1.3616331,1.5523600704400736e-41,1.0438847505013407e-39
341,PHC3,13.476379,1.462105,2.1542044320440108e-41,1.4444797502708746e-39
342,ENTPD4,13.473409,1.5485573,2.2426797054582884e-41,1.499545866513654e-39
343,ZCCHC7,13.446606,1.3891472,3.223316558532381e-41,2.1491508681084685e-39
344,PDE4B,13.425613,1.3498243,4.2802458263366397e-41,2.845820908141513e-39
345,XRCC6,13.420667,1.2086544,4.575792718529767e-41,3.033776279085901e-39
347,PTPN7,13.363004,1.6337917,9.946846897157606e-41,6.557972829989134e-39
348,PARP1,13.360988,2.0514088,1.0219886001901894e-40,6.719219200637616e-39
349,ATP6V1F,13.359941,1.7597846,1.0364653099735173e-40,6.795469642029147e-39
350,BLK,13.356551,1.3542875,1.0847471124322566e-40,7.092323017933116e-39
351,ANXA2,13.245504,2.491928,4.790532045634633e-40,3.1235062948374103e-38
352,SMARCE1,13.238594,1.4176072,5.252280032924909e-40,3.4151395486811744e-38
353,CD53,13.23205,1.2183222,5.730251389270821e-40,3.715690207169208e-38
354,SECISBP2L,13.217353,1.3338115,6.967275950080675e-40,4.5054414862946347e-38
355,GNB2,13.211922,1.1800405,7.488759900353218e-40,4.829431692022869e-38
356,MGAT5,13.179557,1.3736864,1.1506494280532467e-39,7.400212111809477e-38
357,SMARCB1,13.173143,1.4003738,1.2527054940934569e-39,8.034676026382571e-38
358,ST13,13.158093,1.2205354,1.528956911840655e-39,9.779937666714084e-38
359,GINM1,13.145189,1.400743,1.8135158936495784e-39,1.1568760983192164e-37
361,CYTIP,13.12137,1.3692443,2.4840342272646597e-39,1.5760930071539722e-37
362,ACTR2,13.116161,1.2592003,2.6607539375465372e-39,1.6836937047697295e-37
363,EIF3A,13.076938,1.3169206,4.460482682878038e-39,2.81499392417033e-37
364,NCBP2AS2,13.034849,1.5903789,7.752039426350081e-39,4.879236975470426e-37
365,CORO1A,13.021945,1.2537494,9.180266720534094e-39,5.762814771403357e-37
366,HSPA5,13.016343,1.3677578,9.878960449429737e-39,6.184962957238463e-37
367,INPP5D,12.996281,1.2283052,1.2844018808689648e-38,8.020036400568831e-37
368,JUND,12.993139,3.7053456,1.3382305509067451e-38,8.312172550803133e-37
369,NRROS,12.985705,1.4391649,1.4747270716473395e-38,9.135953562228912e-37
370,WDR1,12.985457,1.5553176,1.4795246825436757e-38,9.141680911538842e-37
371,LDLRAD4,12.966101,1.7145303,1.9047650217444462e-38,1.1738425276301348e-36
372,CAPZB,12.949323,1.1833762,2.3703655045525573e-38,1.453931348250301e-36
373,STAG1,12.949284,1.2809391,2.371578058197542e-38,1.453931348250301e-36
374,TCEA1,12.9184885,1.3250198,3.540275068896448e-38,2.159201872123071e-36
375,H3F3A,12.91748,2.9182937,3.586939748878431e-38,2.1820241982674636e-36
376,TMEM123,12.912756,1.1171032,3.8140028661806177e-38,2.314187908752214e-36
377,IQGAP2,12.908202,2.0258124,4.0464006321828786e-38,2.448902413369551e-36
378,ALOX5AP,12.907665,1.9240918,4.074691505554226e-38,2.4597172277646136e-36
379,CUL3,12.889487,1.3413615,5.158593647304292e-38,3.106078720850082e-36
380,SLC25A36,12.866924,1.4326758,6.909954432410827e-38,4.150016653134676e-36
381,MRFAP1,12.865379,1.3111231,7.049460469792435e-38,4.22305623016525e-36
382,QSOX2,12.864725,1.6028194,7.109414408165176e-38,4.2481900829347504e-36
383,RPA1,12.852161,2.656639,8.36401160910553e-38,4.985246616407016e-36
384,BRK1,12.836365,1.6880782,1.0257902387299896e-37,6.098671789608046e-36
386,ARHGDIA,12.825097,1.0597235,1.1863856609950152e-37,7.018110465279534e-36
387,ATP5MG,12.812651,1.7007555,1.3929398301014707e-37,8.219389702471254e-36
389,HNRNPL,12.798032,1.2183795,1.681593018119213e-37,9.873293533996961e-36
390,ELOB,12.754333,1.3464944,2.948884316765546e-37,1.7271095912808232e-35
391,ICAM3,12.7488365,1.2630979,3.1643407406290622e-37,1.8487112500264296e-35
392,PRKCSH,12.6653385,1.2470706,9.202277090588477e-37,5.36299620170765e-35
393,GGA2,12.642762,1.2129053,1.2266709404398115e-36,7.131308918029771e-35
394,H3F3B,12.603644,3.7018583,2.0160979124881714e-36,1.1691881825174033e-34
395,CD63,12.576423,1.5119418,2.8463110776577846e-36,1.6466049109303112e-34
396,TUBB,12.563714,1.2850269,3.3426419838883545e-36,1.9290068152987e-34
397,ST14,12.553179,1.8708429,3.818654614586871e-36,2.1983342650754612e-34
398,ITSN2,12.55293,1.200223,3.8306679549673535e-36,2.1998845679098407e-34
399,PDCD10,12.549161,1.4892738,4.017432286417979e-36,2.3015401518525137e-34
400,SH3BGRL,12.548729,1.3754427,4.039402000825669e-36,2.308523133789062e-34
401,TAF10,12.543481,1.2040559,4.3161013831291595e-36,2.4606990566666074e-34
402,JAK1,12.541571,1.2107551,4.4214549962525005e-36,2.514689211483079e-34
403,HMCES,12.5289545,2.2223635,5.184178191223707e-36,2.9413980251791622e-34
404,BAX,12.525761,1.3988034,5.3971289001155186e-36,3.0548784995066327e-34
405,DLG1,12.523339,1.6890957,5.564361169899661e-36,3.134501591721759e-34
406,MYDGF,12.5154085,1.5700285,6.149057476722009e-36,3.455623895787371e-34
407,ZNF639,12.513773,1.249351,6.27705488414418e-36,3.5191763997732794e-34
408,PTPN1,12.481499,1.3557168,9.419623222680457e-36,5.268515803908219e-34
409,TM9SF2,12.470492,1.3744582,1.0815537625561112e-35,6.0207343060405405e-34
410,SF3B2,12.46014,1.125865,1.231535481652002e-35,6.839513405513459e-34
411,HMGN2,12.455036,1.140152,1.3129166585418088e-35,7.274359598958289e-34
412,PTPRE,12.450678,2.9065163,1.386618023024355e-35,7.664717844834625e-34
413,GRHPR,12.432212,1.9657398,1.7473174148716087e-35,9.635965640937986e-34
414,CTSB,12.4288225,2.3507013,1.8230045995497294e-35,1.0029924839900295e-33
415,CHMP7,12.427919,1.8342037,1.8437121175291637e-35,1.0120264444195547e-33
416,HCK,12.426584,2.4920018,1.8747520874599788e-35,1.0266768798217606e-33
417,RBM25,12.403733,1.1464843,2.4942508210467154e-35,1.3627731974343893e-33
418,UNC93B1,12.37057,1.9774029,3.7713532532957155e-35,2.0557794650701798e-33
419,NEMF,12.367088,1.2194258,3.9383854690974746e-35,2.141882770209855e-33
420,NR3C1,12.356148,1.2713258,4.5126942212818915e-35,2.44857751045785e-33
421,CYTH1,12.315629,1.3507774,7.463103039982446e-35,4.0401747947868274e-33
422,GCC2,12.305709,1.1281228,8.439238127382624e-35,4.558154176673045e-33
423,MYO1C,12.285357,1.9337817,1.085636874689846e-34,5.85029387061745e-33
424,ADAM17,12.245729,1.5114248,1.7707873400559098e-34,9.499066724395373e-33
425,CBLB,12.235769,1.4241656,2.001985816803732e-34,1.0714936787759294e-32
426,SLC41A3,12.231595,2.019553,2.1076018533150446e-34,1.1254689263302035e-32
427,POLR1D,12.218612,1.1487591,2.4727087921224872e-34,1.317457011748692e-32
428,SLC25A3,12.194283,1.2120538,3.3342866077361947e-34,1.7725037568107524e-32
429,ANAPC5,12.18393,1.9237741,3.7858883416935554e-34,2.008052191662764e-32
430,RBM3,12.172728,1.3554273,4.343238929916941e-34,2.2985082614984203e-32
431,TOM1,12.163789,1.8416523,4.845807888307981e-34,2.558738335296046e-32
432,NCL,12.15163,1.1632034,5.623291170625129e-34,2.9626460156309136e-32
433,SENP5,12.115287,1.6564479,8.765724048214565e-34,4.607959570378806e-32
434,ARL8A,12.085827,1.3323209,1.2550138331468251e-33,6.582687000836558e-32
435,ZFP36,12.076469,1.6057355,1.4062975673862614e-33,7.359831814416392e-32
436,BMPR2,12.061811,2.2863505,1.6804596336976556e-33,8.775196622603045e-32
437,SELENOH,12.040648,1.485653,2.1724003717674645e-33,1.1319021186496128e-31
438,NCOA3,12.035832,1.191582,2.3029841433646662e-33,1.1972981219347182e-31
439,CXCR5,12.010744,1.2978477,3.1202467882085234e-33,1.6186194492766107e-31
440,BIK,11.991702,4.8144536,3.927516819392535e-33,2.0329206028096932e-31
442,PCBP2,11.96944,1.1619705,5.137408036198098e-33,2.6475598663402556e-31
443,MCOLN2,11.9555025,1.9082655,6.076521544374229e-33,3.1247088891473845e-31
444,CNDP2,11.949168,1.6225487,6.557865065513245e-33,3.364897590028459e-31
446,NPM1,11.903964,1.6495568,1.1285652672764602e-32,5.765698269161535e-31
447,YWHAQ,11.898899,1.3732234,1.1991892693712134e-32,6.113275232174676e-31
448,TMED10,11.895535,1.0366769,1.2484971026407352e-32,6.350921791730446e-31
449,TMBIM1,11.88517,1.2052104,1.4134687418691472e-32,7.174645745018812e-31
450,AFF4,11.848813,1.0871087,2.182596853277509e-32,1.1054899898692929e-30
451,UBE2D2,11.847544,1.0757724,2.2159076522192584e-32,1.1199586363025943e-30
452,CSDE1,11.846627,1.0283298,2.2402595191169399e-32,1.1298471245666054e-30
453,CDS2,11.843146,1.2904238,2.3352446811419646e-32,1.1752405161832364e-30
454,CD2AP,11.826407,1.6215804,2.850834736663663e-32,1.4316649423292008e-30
455,CCR7,11.8034525,1.4200716,3.746206882647225e-32,1.8773189182828545e-30
457,TUFM,11.737517,1.1236392,8.18536989657562e-32,4.084551494056541e-30
458,CAP1,11.729626,1.2831268,8.985477314422538e-32,4.4743506551121345e-30
459,SMIM14,11.72638,2.8977761,9.336653518667729e-32,4.639432273707672e-30
461,PSMD8,11.700794,1.3203593,1.2626585158674487e-31,6.247909633127755e-30
462,PRKD3,11.671949,1.3195271,1.7731235934747182e-31,8.75544689890874e-30
463,PFDN5,11.669568,1.8646163,1.823472528219067e-31,8.985265570679465e-30
464,ARPC2,11.652724,1.3626752,2.2223860502091656e-31,1.0928120404809778e-29
465,EIF3K,11.637399,1.2333095,2.660046983081872e-31,1.3053033044008612e-29
466,SYF2,11.61977,1.0818397,3.270149897703448e-31,1.601355768371255e-29
467,BAZ2A,11.618697,1.1089157,3.3114834915465565e-31,1.6182390238296763e-29
468,ILF2,11.610465,1.0728633,3.6462749495144357e-31,1.7781617279625874e-29
469,COX5A,11.595611,1.3777847,4.337604439940099e-31,2.1109376823898176e-29
470,ANKLE2,11.5954275,1.3267226,4.346897517189161e-31,2.111107450580571e-29
471,IFNAR2,11.57738,1.7128923,5.366114523041096e-31,2.600747455592176e-29
472,UQCRFS1,11.555263,1.1155571,6.9435275174668635e-31,3.358362294974803e-29
473,ZNF148,11.547358,1.3069752,7.612527718293e-31,3.666907994589177e-29
474,SH3GLB2,11.5453415,1.6994312,7.793098739412765e-31,3.746242556952332e-29
475,EVI2B,11.542764,1.1666371,8.030299545982449e-31,3.8524219549557674e-29
476,AC012368.1,11.5357485,2.4927218,8.71257391331058e-31,4.1712552145206815e-29
477,DCAF12,11.528956,5.285815,9.427960591844907e-31,4.504618498973995e-29
478,DUSP10,11.528603,1.7323779,9.466732670143401e-31,4.5140058830988824e-29
479,CTSH,11.475245,2.2063673,1.756781958407405e-30,8.359944468606852e-29
480,TACC1,11.474146,1.1467204,1.779251462832442e-30,8.44983345618393e-29
481,RASSF6,11.467838,2.4374018,1.913808576221803e-30,9.070607193687393e-29
482,SEC14L1,11.46297,1.2258697,2.0245213189137304e-30,9.576107553170497e-29
483,DERL3,11.3817625,2.297478,5.154756673993612e-30,2.4284974406441363e-28
484,ALKBH7,11.363753,1.2376995,6.336229844526653e-30,2.9791640043896925e-28
485,B4GALT3,11.360639,2.564296,6.566264174122945e-30,3.081183564648586e-28
486,RGS10,11.360181,2.1957722,6.600784610498288e-30,3.091236491301411e-28
487,AP3S1,11.349934,1.1208185,7.421921611778009e-30,3.46890328322369e-28
488,HLA-DMA,11.347944,1.7578439,7.59269798369013e-30,3.5417085080837574e-28
489,MNDA,11.323065,2.2077758,1.0088209040086938e-29,4.696489111896884e-28
490,COX6C,11.306758,1.0764619,1.2149626704931461e-29,5.645032266072781e-28
491,SNRNP25,11.304128,3.0222712,1.2519249603789709e-29,5.805340832971483e-28
492,TXNDC5,11.301222,1.7081685,1.2940468790833125e-29,5.988899703334006e-28
493,ATP5MF,11.296184,1.2197047,1.370456631635035e-29,6.330115044321278e-28
494,TUT4,11.290163,1.0802227,1.4676410905519162e-29,6.765768097714234e-28
495,SRSF9,11.260664,1.0267178,2.0520664450308684e-29,9.441505711903233e-28
496,ARF1,11.257131,1.039905,2.136012795123474e-29,9.808620623209992e-28
497,SEC11C,11.249998,1.2372798,2.3159798070709467e-29,1.0614382793455448e-27
498,ARL6IP1,11.241922,1.0416304,2.5379342780697114e-29,1.1609081931255696e-27
499,AKIRIN2,11.239985,1.0838234,2.5942389981388414e-29,1.1843679511232315e-27
500,YPEL3,11.201574,1.2102382,4.005516254317093e-29,1.825138999047227e-27
501,TMEM175,11.200488,1.6393329,4.054937053269428e-29,1.844097866441586e-27
502,TFRC,11.19914,1.5365796,4.117108474940047e-29,1.868771371807883e-27
503,PTPRC,11.195122,1.3672568,4.308081670612964e-29,1.9517015675907444e-27
504,DRAP1,11.194415,1.4470813,4.342570528090426e-29,1.963557321350926e-27
505,TTN,11.186891,1.6293701,4.727239055866182e-29,2.1334038897822083e-27
506,TESC,11.177886,1.0574443,5.232148999935075e-29,2.3567636039211367e-27
507,TMED9,11.167979,1.4215978,5.84968302353896e-29,2.624906243433271e-27
508,ASXL1,11.166199,1.093857,5.968052173961236e-29,2.672939951840741e-27
509,SFXN1,11.165348,1.9013262,6.025461971774619e-29,2.693541267420385e-27
510,TNFRSF13B,11.142,1.2327539,7.833981473257216e-29,3.495377404788092e-27
511,ATP5F1D,11.105735,1.1044528,1.1764546791891858e-28,5.2392188288495006e-27
512,PRPF40A,11.100775,1.0586143,1.243610493445672e-28,5.527860353445988e-27
513,PIK3CA,11.072899,1.3651847,1.6981732550918066e-28,7.534207394724044e-27
514,COBLL1,11.071093,1.068149,1.7327511972783806e-28,7.673194467047209e-27
515,CLEC2D,11.064928,1.6841367,1.856111768332551e-28,8.204083533324569e-27
516,NELFCD,10.974782,1.3865886,5.052753495087835e-28,2.229161509244078e-26
518,MAN2B1,10.961747,1.2975825,5.836171693975872e-28,2.5651985194210896e-26
519,RBBP7,10.9604645,1.1743203,5.9194797150923605e-28,2.596979176864777e-26
520,PHACTR1,10.957507,1.2343348,6.116121692504017e-28,2.678271248760154e-26
521,ABI1,10.956159,1.3479424,6.20787792255072e-28,2.713417455666012e-26
522,PPP4C,10.947901,1.0394539,6.8005589269187885e-28,2.9669795259161584e-26
523,ARHGAP17,10.945637,2.0537696,6.972634864491216e-28,3.036440972446239e-26
524,LAMP1,10.9438305,1.0106623,7.112988384752917e-28,3.0918575477960055e-26
525,JMJD1C,10.908272,1.1188511,1.0523798306084101e-27,4.566051680487188e-26
526,UBAP1,10.876338,1.5373603,1.4944616753057197e-27,6.472253013255211e-26
527,RPN2,10.868119,1.2754873,1.635367564829946e-27,7.069520262395827e-26
528,GOLGA8B,10.85019,1.4217783,1.9901183962257502e-27,8.587342688503909e-26
529,TFEB,10.848645,1.1530887,2.02402700642179e-27,8.717720699374729e-26
531,TXNL4A,10.842194,1.1953365,2.1720036539027327e-27,9.321054953284763e-26
533,CD74,10.834524,29.044067,2.3619039608279056e-27,1.0099278838300915e-25
534,ARF5,10.810063,1.0932782,3.08455992090978e-27,1.3165437217582918e-25
536,LRMP,10.777607,1.9887029,4.3916288433979226e-27,1.8676687493823635e-25
537,CARD11,10.764899,1.5707003,5.041685585029384e-27,2.140268073083607e-25
538,ADAM19,10.764637,1.7946694,5.056032294615994e-27,2.142505031415104e-25
539,BRWD1,10.746786,1.2880404,6.136270977325546e-27,2.595598635803134e-25
540,RGS2,10.745032,1.0654167,6.254010804808871e-27,2.6406693564562393e-25
541,HEBP2,10.731735,1.008762,7.222687668944614e-27,3.044233875894638e-25
542,SNX10,10.724904,1.511073,7.776803042273449e-27,3.271940859300895e-25
544,LAMTOR5,10.701255,1.017134,1.0040927327214336e-26,4.209520563130373e-25
545,EIF3E,10.687552,1.0818931,1.1640260251137321e-26,4.871366360063726e-25
546,RCSD1,10.682239,1.012979,1.2326271905608985e-26,5.149327359081219e-25
547,PHAX,10.663785,2.0742288,1.503506108786057e-26,6.269832983335212e-25
548,SYNGR2,10.65681,1.6648766,1.6206140135797008e-26,6.7462702932137e-25
551,MFN1,10.631276,1.8646287,2.1317514913721297e-26,8.827321131729189e-25
552,ARHGEF1,10.60005,1.0485958,2.978222729483538e-26,1.2310856582136592e-24
554,SNRPD1,10.591752,1.2236006,3.254423726656292e-26,1.3405613127446502e-24
555,BRI3,10.583364,1.0799917,3.559476641943322e-26,1.4636642365816765e-24
556,UBE2J1,10.581099,1.180636,3.6465565947911196e-26,1.4968639183800833e-24
557,MRGBP,10.5744505,1.2882366,3.914652407204076e-26,1.6041239716534342e-24
558,RBX1,10.572893,1.0921668,3.9802267627411975e-26,1.6281679771400432e-24
559,USP6NL,10.572539,1.3029776,3.9952558713701776e-26,1.6314883102413547e-24
560,GYPC,10.570786,1.2768986,4.070681238717804e-26,1.6594177768127172e-24
561,MTPN,10.569019,1.06057,4.148096672752594e-26,1.6880607890858533e-24
562,ARID1B,10.545292,1.2777925,5.340683251083276e-26,2.169641080470199e-24
565,RRAS2,10.53443,1.2401015,5.994584140057794e-26,2.4227768742771256e-24
566,NFATC1,10.505322,1.4392924,8.16430519306691e-26,3.294052914050569e-24
567,HERPUD1,10.490979,1.1300781,9.503858523503561e-26,3.827979056830283e-24
568,S1PR1,10.488466,1.0723966,9.759993143640942e-26,3.924448350414943e-24
569,KPNB1,10.485128,1.1006832,1.0110777554315243e-25,4.05858303766161e-24
570,PRKCB,10.451376,1.158376,1.4441406152080075e-25,5.78710542287854e-24
571,BBC3,10.44995,1.0045059,1.4660280128217757e-25,5.864857489259724e-24
572,SDCBP,10.445147,1.4574746,1.5421674788903114e-25,6.159015059940443e-24
574,RBBP6,10.431981,1.0205208,1.771562113961029e-25,7.051295206715374e-24
575,GPX7,10.428395,2.0031674,1.839698445095014e-25,7.310168754137644e-24
576,SAMSN1,10.426274,1.0021882,1.8811985149381907e-25,7.462508999678339e-24
578,RYK,10.400166,1.4013962,2.475037187206485e-25,9.76894694475496e-24
579,FCRL2,10.394682,2.5818686,2.621611393326256e-25,1.0330199284921474e-23
580,BACE2,10.375547,2.1959271,3.203698480051937e-25,1.2581846127232257e-23
581,HCST,10.363795,1.7324328,3.6229508299900897e-25,1.4204735621304998e-23
583,MZT2A,10.340709,1.1166384,4.6111331307617705e-25,1.8019300543935442e-23
584,SSR4,10.303043,1.0354975,6.826671865245212e-25,2.663304727857566e-23
585,ZMYM2,10.301028,1.1175505,6.971237651396779e-25,2.715216539371587e-23
586,LAMTOR1,10.290217,1.0862082,7.799984742424509e-25,3.0329990094801596e-23
587,DDX18,10.280821,1.9542626,8.599203666821847e-25,3.338273094539409e-23
588,ESR2,10.270508,2.2526207,9.569940031851321e-25,3.7090196153002744e-23
590,KLHL6,10.234308,1.4499826,1.3918643149470437e-24,5.376787794712777e-23
592,RBM39,10.200621,1.1635284,1.9700857269936665e-24,7.585633509662563e-23
593,QARS,10.183778,1.2200273,2.3428587141548166e-24,9.006269418598719e-23
595,TBC1D1,10.16357,1.3376993,2.883200123247906e-24,1.103693315614158e-22
596,ALOX5,10.163506,1.2559931,2.8851365323642566e-24,1.103693315614158e-22
597,CBX3,10.159631,1.1004143,3.0020971776137556e-24,1.1465776647769817e-22
599,ABTB1,10.140982,1.3776468,3.634288986421393e-24,1.3835503701049053e-22
600,MPC1,10.140524,1.2792522,3.6513716684176154e-24,1.3878152252763442e-22
601,P4HB,10.137723,1.2416259,3.757563522809688e-24,1.4258805760269627e-22
603,SS18,10.132566,1.4397357,3.9611382439636666e-24,1.498313236735167e-22
604,NFKBIZ,10.132134,1.4194655,3.978676652573325e-24,1.502539280491011e-22
605,SHOC2,10.130355,1.0793608,4.051771497237589e-24,1.5276990838546137e-22
606,RABAC1,10.129242,1.0241266,4.098129614356241e-24,1.5427137685430678e-22
607,CD19,10.124741,1.0471737,4.291170172678852e-24,1.612810343721958e-22
608,NAP1L4,10.124413,1.3191098,4.3055452965868924e-24,1.6156404711500862e-22
610,HNRNPA1,10.110737,1.6785183,4.951061599156148e-24,1.8519795075258724e-22
611,IRF4,10.107099,1.4649341,5.138363013202349e-24,1.9189997183641623e-22
612,PRMT2,10.103225,1.5106314,5.3455098502952784e-24,1.9932080410192647e-22
613,KDM5B,10.093632,1.5322516,5.894762409511465e-24,2.19454380365456e-22
615,ZNF395,10.074563,1.3052902,7.157832395256159e-24,2.656388648195458e-22
616,DOP1B,10.063177,1.7101853,8.036242071695695e-24,2.9776989265028805e-22
617,COMMD2,10.062745,1.0943235,8.071583832657616e-24,2.986106476523788e-22
619,GORASP2,10.054591,1.1438199,8.76843286038496e-24,3.233770637557285e-22
621,DDX46,10.044318,1.0700462,9.731864805533802e-24,3.577900389486204e-22
622,UBE2G1,10.041831,1.4214389,9.980385134160065e-24,3.663561902357388e-22
623,DCTN2,10.034908,1.2171987,1.0705915875582218e-23,3.923784664772781e-22
624,USP7,10.032356,1.2154382,1.0986336146804209e-23,4.0203177065584454e-22
625,E2F5,10.021716,1.109245,1.2235992914189826e-23,4.470683293399729e-22
626,PTRHD1,10.01385,1.519432,1.324933601312566e-23,4.8334478812643735e-22
628,SYK,9.956409,1.37872,2.3644804863691035e-23,8.585974295349223e-22
630,LMAN1,9.928363,1.1178864,3.133569281536862e-23,1.1326437328042045e-21
632,CYFIP2,9.918613,1.1064994,3.4552389122544434e-23,1.2450992984113226e-21
634,DDOST,9.917121,1.1528782,3.507264042107742e-23,1.2599992874561497e-21
635,FCRL5,9.913221,2.5716093,3.646951795187822e-23,1.3081915383255039e-21
636,EIF4G1,9.908732,1.478522,3.814563015347772e-23,1.3662387079097642e-21
641,RRAGC,9.88397,1.6410954,4.8857719254799924e-23,1.7367300415226543e-21
643,FAM107B,9.87799,1.1106879,5.1862894853643304e-23,1.838017878724539e-21
646,S100A11,9.86536,2.2572665,5.882288777380531e-23,2.0753312707401e-21
648,CALCOCO1,9.841436,2.1841624,7.463745155887831e-23,2.6254363176515718e-21
649,RHOC,9.839133,2.4699826,7.636602404725069e-23,2.6822429547429434e-21
650,PUM2,9.827786,1.0144792,8.54770073148366e-23,2.997791684475614e-21
653,CHD9,9.799557,1.1288464,1.1308085622301954e-22,3.948295043538359e-21
654,ANKRD10,9.797345,1.2879157,1.1558386141754233e-22,4.029728036984124e-21
656,TSPAN33,9.787739,1.4003702,1.2710667922684775e-22,4.418407878926785e-21
657,TRAPPC1,9.786666,1.491566,1.2846256354895554e-22,4.458973363891173e-21
658,IFT57,9.776837,1.0122286,1.4156569409582552e-22,4.906571332957077e-21
659,TIMP1,9.768958,2.4910877,1.5301731537095904e-22,5.2957004321125306e-21
660,NSF,9.746212,1.0000306,1.9147959842448772e-22,6.617120002361909e-21
662,TPR,9.738791,1.0282072,2.0598897394379226e-22,7.088314692833602e-21
664,KMT2C,9.73535,1.0207571,2.1308347619297613e-22,7.320828658781391e-21
665,BTG1,9.724605,3.6354585,2.3682290099389214e-22,8.124608913021564e-21
666,FGD3,9.721032,1.9058088,2.4528260874461667e-22,8.402620339911738e-21
667,ACP5,9.718414,1.7228576,2.5166936301090664e-22,8.608915906009317e-21
668,PARL,9.714266,1.4390998,2.621311365751243e-22,8.953807838759275e-21
669,SNRPD3,9.706152,1.2912804,2.838523901558132e-22,9.681745613941703e-21
670,M6PR,9.699621,1.2994218,3.0262056954674304e-22,1.0307003323249316e-20
672,NXPH4,9.667099,2.6105292,4.1600411221716813e-22,1.4127978504549382e-20
673,MAP4K5,9.6547575,1.161621,4.692691372860021e-22,1.5914022194484924e-20
674,LNPEP,9.652467,1.4220353,4.798715888148761e-22,1.625022827947994e-20
675,PDS5A,9.610784,1.0998876,7.199900012693483e-22,2.434659598848199e-20
676,DDX17,9.589961,1.136752,8.811796359458017e-22,2.975462510333155e-20
679,TNFRSF10A,9.583313,1.4975649,9.398089790832618e-22,3.1553785680373014e-20
680,PHTF2,9.579583,1.082204,9.743746654788967e-22,3.266784833707159e-20
681,CSNK2A1,9.574125,1.5186435,1.0272280681193657e-21,3.439101289620055e-20
685,EIF3B,9.554639,1.4375788,1.2401620916473948e-21,4.128567820755072e-20
688,COTL1,9.542624,1.1778886,1.3926297895474388e-21,4.6166068711640723e-20
689,CDK5RAP3,9.541198,1.0466557,1.4119222933574317e-21,4.6739974600442444e-20
690,CELF1,9.534628,1.4093823,1.5042427369380853e-21,4.9726388403290793e-20
692,WDR11,9.503165,1.4504131,2.0360486025474453e-21,6.711851280157452e-20
693,FAM102A,9.493114,1.4872471,2.2423269898247505e-21,7.371259601787407e-20
695,LTA4H,9.488678,1.2264835,2.3398327896439964e-21,7.670426851939895e-20
699,CCAR1,9.462346,1.0392034,3.0111079479124754e-21,9.802921502700435e-20
700,ISG15,9.456142,1.7546626,3.195136776300922e-21,1.0373426868092251e-19
701,UBAP2,9.453001,2.982352,3.2925150566186756e-21,1.0674894626561896e-19
703,TMEM131,9.449363,1.0942839,3.408985747932203e-21,1.1022231590197778e-19
707,PLEKHA1,9.407339,1.5172691,5.088543348339265e-21,1.6340801176986622e-19
709,PABPC1,9.394291,1.7041204,5.7604366508399914e-21,1.8448247797798685e-19
713,KDELR1,9.340632,1.0234044,9.57601522342282e-21,3.0502386952557193e-19
715,AIP,9.33634,1.190753,9.972171553519178e-21,3.163617811528403e-19
716,RBM5,9.336131,1.1903378,9.991905429453057e-21,3.1656234074010806e-19
717,LRPAP1,9.331629,1.2634872,1.0425648870286435e-20,3.2941979957880953e-19
719,SORL1,9.276976,1.627529,1.7435767461967604e-20,5.487152258730952e-19
721,ADD3,9.254582,1.0659615,2.150686119798589e-20,6.75035166031996e-19
725,CIAO2A,9.227767,1.1579865,2.763331988757863e-20,8.604607510640085e-19
727,EVL,9.2248745,1.0561948,2.8389356537468514e-20,8.816762925708806e-19
728,CMTM7,9.202704,1.0053098,3.4905263680356615e-20,1.0826135856076967e-18
730,UBXN7,9.19353,1.4114652,3.801568971389194e-20,1.1759951825910766e-18
731,RMC1,9.187562,1.4518785,4.0184516409803896e-20,1.2414596084039285e-18
733,FIS1,9.185835,1.107202,4.0834854486314236e-20,1.2582572721155024e-18
734,PIGR,9.180024,2.7385657,4.309965298237835e-20,1.3263117462100082e-18
738,CRYBG1,9.1514015,1.2480627,5.619964606775632e-20,1.7204672453142053e-18
739,NME2,9.147907,1.1237313,5.804716067288564e-20,1.7747242660131087e-18
740,TCEA2,9.124978,1.2479594,7.175085719538973e-20,2.1908609086452574e-18
741,BASP1,9.124572,1.1664934,7.20201018039646e-20,2.1962409081123727e-18
743,TMCC1,9.099431,1.3731169,9.080606517210769e-20,2.761978809609868e-18
746,RAB3GAP1,9.093005,1.0608898,9.633850252789701e-20,2.9189700579794003e-18
747,SPTAN1,9.084577,1.3083972,1.0410263772423578e-19,3.1501725105194066e-18
748,PLK3,9.083085,1.4660873,1.0554005822054663e-19,3.1895800181556496e-18
749,UQCR10,9.081201,1.1372176,1.0738381303238415e-19,3.2397377361991483e-18
750,TMSB4X,9.081109,4.9036326,1.0747424680947053e-19,3.2397377361991483e-18
754,GYG1,9.051715,1.7058997,1.4074087416856016e-19,4.2209744002547965e-18
757,RBBP4,9.038143,1.171719,1.593560584603282e-19,4.761115250429274e-18
758,ZBTB7A,9.02516,1.0244921,1.7943280748479498e-19,5.35417516442935e-18
759,TAGLN2,9.01647,1.8281556,1.9424751398129947e-19,5.781619259143267e-18
761,APEX1,9.006458,1.1038749,2.1281859886805671e-19,6.318436967399677e-18
762,TUBA4A,9.00515,1.0030572,2.1537234820679243e-19,6.386223033574022e-18
763,FBXO21,8.996695,1.0969033,2.326148167314209e-19,6.888842558734916e-18
764,CLECL1,8.986618,1.6510863,2.5495584341063817e-19,7.531567924932782e-18
765,TRIO,8.985924,1.205515,2.565693337977211e-19,7.569757482034514e-18
766,LIMS1,8.985296,1.7094532,2.5803931193933513e-19,7.603622821103778e-18
767,CDKN2A,8.984707,2.7130597,2.594249725479855e-19,7.634922228242022e-18
768,H2AFV,8.977444,1.370507,2.7713137077427965e-19,8.145867676694052e-18
769,EPS15,8.965756,1.0478896,3.081589130489536e-19,9.046610478475686e-18
773,PFKL,8.947342,1.218184,3.641439585205879e-19,1.0624091289198314e-17
774,RC3H1,8.932475,1.0784683,4.165829531899886e-19,1.2139021535979384e-17
776,BTG3,8.928064,1.0899903,4.3352716492370046e-19,1.2601652307505051e-17
777,HLA-DQB1,8.926926,3.044124,4.380109402759942e-19,1.270520979614672e-17
778,OPTN,8.926887,1.1561408,4.3816636758307965e-19,1.270520979614672e-17
779,EHD1,8.903447,1.3581358,5.413864817455883e-19,1.5678951078087263e-17
780,ATP13A3,8.903107,1.4970285,5.430493856531812e-19,1.570783658035789e-17
781,FAM53B,8.890137,1.19062,6.103358786735615e-19,1.7632506419011102e-17
782,SENP2,8.885439,1.3436729,6.366905445624879e-19,1.8371402106733986e-17
784,PTPRCAP,8.873921,1.2360213,7.061421138016331e-19,2.032569794153652e-17
785,MARCH6,8.868988,1.1016531,7.381379927994008e-19,2.1220792989091664e-17
786,DYNC1H1,8.858269,1.1294954,8.12663271468939e-19,2.3334904131972468e-17
788,CHST15,8.834751,1.7678425,1.00321449937188e-18,2.870166282263574e-17
789,RAC2,8.8199625,1.857003,1.1449834976220199e-18,3.271797275347764e-17
790,PTPRJ,8.8124895,3.2797446,1.2239707955245367e-18,3.493274810975289e-17
791,RNF13,8.812241,1.2752432,1.2266895902540208e-18,3.4968060868074455e-17
794,CYBB,8.804087,1.0716214,1.319218454365677e-18,3.746993162261501e-17
796,SGSH,8.798433,2.1744258,1.3873931743795712e-18,3.931169399145381e-17
797,CCDC191,8.77892,1.7157114,1.6505184042086989e-18,4.6599504658538184e-17
798,COPG1,8.777847,2.1502743,1.6663396324754159e-18,4.6989981296675313e-17
799,POLD4,8.773214,1.1019853,1.7363774806352298e-18,4.890658433822593e-17
800,LPIN1,8.769929,1.4045349,1.787790529816897e-18,5.029466016122553e-17
801,SPTBN1,8.745665,1.720019,2.2170627537139183e-18,6.222274931737172e-17
802,RIN3,8.744814,1.3088045,2.2338298781450558e-18,6.261886771242013e-17
803,FBXO3,8.7360325,1.2750286,2.4144053729033544e-18,6.760048637798086e-17
810,HMGN3,8.698236,1.3371226,3.370829707816609e-18,9.360199246305343e-17
813,SEC61A1,8.661892,1.5621097,4.639970964486105e-18,1.2839066198682945e-16
814,SNN,8.653163,1.0442865,5.009146042120907e-18,1.3844364640770466e-16
819,PEBP1,8.625221,1.1842428,6.3968894024023545e-18,1.7576924396379832e-16
820,YY1,8.624554,1.0731231,6.4343063106526286e-18,1.765917812213186e-16
822,CSGALNACT2,8.6107855,1.5363159,7.256148713245802e-18,1.9868547340921192e-16
823,MYNN,8.610563,1.5715525,7.270246154586798e-18,1.9884081110858889e-16
826,LPP,8.549759,1.4850422,1.2334573489494039e-17,3.357934695184865e-16
831,PGM2L1,8.5319605,2.5396104,1.4388863908606823e-17,3.890267523881407e-16
834,REPIN1,8.514619,1.2555804,1.6713849396007256e-17,4.498255271310825e-16
836,GMPPB,8.487594,1.4980882,2.1095956685087254e-17,5.664708369034294e-16
838,EMC6,8.478367,1.2923108,2.283764239798594e-17,6.118466214752124e-16
839,TMEM258,8.477922,1.0347338,2.292513294033934e-17,6.13494232189149e-16
840,CDC16,8.465554,1.5973575,2.5493687319543653e-17,6.806872192343765e-16
841,MFNG,8.456183,1.1856343,2.7626980645526943e-17,7.368131346625678e-16
842,PARP4,8.449928,1.1218951,2.9148227172620994e-17,7.765074559315726e-16
844,ATF6B,8.431605,1.098404,3.4095415127148276e-17,9.06254598250091e-16
846,NPHP3,8.398913,1.7122799,4.506294345525766e-17,1.1950793869375804e-15
848,ISY1,8.395838,1.2377867,4.625841118424407e-17,1.2240328241947452e-15
850,ATR,8.371429,1.4443128,5.692334185777054e-17,1.5011861875630816e-15
851,PTMA,8.367909,3.9174175,5.864958307534083e-17,1.5449844970170419e-15
856,IAH1,8.350464,1.440234,6.799554591656805e-17,1.781241809399285e-15
858,CPNE1,8.342205,1.0344353,7.29176365177065e-17,1.9059523529650348e-15
859,NARS,8.338436,1.089959,7.527939753331346e-17,1.9655084291800857e-15
861,LENG8,8.327953,1.1017329,8.225200617687472e-17,2.1428190969015166e-15
862,TAGAP,8.321933,1.183701,8.654023211799897e-17,2.25204972291194e-15
863,C16orf87,8.314892,1.290912,9.183589785611315e-17,2.387227639975593e-15
866,SMC6,8.303807,1.2078842,1.0082746751494353e-16,2.612327898743372e-15
868,PKN1,8.300823,1.035943,1.0339266777677302e-16,2.6729212897427972e-15
874,RFC1,8.26906,1.0634229,1.350195833725427e-16,3.467755414953346e-15
875,MCM5,8.265827,1.2507192,1.3872942536487136e-16,3.559163724877238e-15
877,ARHGDIB,8.260488,1.1539016,1.4507872756789436e-16,3.713983955298276e-15
879,CCT3,8.24473,1.3587285,1.6553326269842613e-16,4.228443289470728e-15
880,DNAJC19,8.243408,1.2126547,1.6737308385150607e-16,4.270818268267133e-15
881,BICD2,8.239155,2.0383935,1.7343118299064858e-16,4.4206222593177955e-15
883,YTHDF1,8.228894,1.2550586,1.8894921927711142e-16,4.805784938144031e-15
887,BEX4,8.210035,1.1179239,2.2112323681859281e-16,5.593967586955248e-15
888,FAM32A,8.204499,1.4018339,2.315535868576421e-16,5.8515624310502424e-15
889,ARL4C,8.200403,1.8847388,2.3958233397149357e-16,6.047980565485736e-15
890,CTBP1,8.198649,1.1878163,2.4310287781531236e-16,6.130296180635488e-15
895,PKIG,8.183271,1.304247,2.7623952854492694e-16,6.928885857859628e-15
896,DNM2,8.182473,1.0590122,2.7807638759653886e-16,6.967555176689073e-15
900,LSG1,8.171048,1.5884507,3.057220507036471e-16,7.627862117080533e-15
904,SHISA5,8.150827,1.2581581,3.614412567786921e-16,8.98010314078681e-15
907,ELP2,8.129757,1.092322,4.3015146943246707e-16,1.0653583560351019e-14
908,RBPJ,8.119955,1.1283987,4.663580239226835e-16,1.1526124019525759e-14
909,TRIP12,8.106619,1.08191,5.20479451348118e-16,1.2836861536227407e-14
913,DCUN1D1,8.087969,1.7476939,6.066787504692169e-16,1.490056040304363e-14
914,CD9,8.083507,2.9761927,6.293079834644586e-16,1.5440287249180476e-14
915,RIC3,8.082734,1.117448,6.333068325515555e-16,1.5522264972704427e-14
923,BIRC6,8.047935,1.0152175,8.420300970905904e-16,2.0468008631955927e-14
924,RECQL,8.040775,1.3109452,8.927157566764361e-16,2.167774691855342e-14
926,MYO1E,8.036169,1.9755363,9.269098065047074e-16,2.2461860536889738e-14
929,CCDC14,8.02689,2.2699075,9.997475034009407e-16,2.412785309076933e-14
930,REV1,8.020346,1.2560362,1.0544757762392962e-15,2.5422667769740662e-14
936,MVP,7.98997,2.016156,1.349713494354432e-15,3.234242396674889e-14
937,AP2S1,7.9828243,1.7091087,1.4302220541961776e-15,3.4236847003237707e-14
938,NDUFA2,7.9786105,1.0090475,1.4798997015035836e-15,3.539014453352491e-14
939,NLRC5,7.9781785,1.3868196,1.485085904647228e-15,3.547617836997928e-14
941,TMEM256,7.976189,1.0998876,1.50920593116208e-15,3.5981603629513707e-14
943,NADK,7.9693446,1.9207428,1.5951830116192436e-15,3.795474256375908e-14
944,ATP6AP2,7.966727,1.1952965,1.6293213549669418e-15,3.8727967715291765e-14
951,TMEM131L,7.9112625,1.0147076,2.547918579980217e-15,6.013852224327306e-14
956,PTK2,7.882221,1.2919309,3.2161156894240584e-15,7.553231703231448e-14
957,BLNK,7.8765283,2.2463562,3.3660259331561902e-15,7.897446332036338e-14
960,CLPTM1,7.8652077,1.1713268,3.684855124003141e-15,8.619785479865821e-14
961,ARPC5,7.864501,1.0915729,3.70571652559262e-15,8.660002688471546e-14
965,DMTF1,7.8504972,1.0679191,4.143903427494937e-15,9.645813865795168e-14
969,SSR3,7.8186297,1.4086913,5.3401515996135216e-15,1.2369342316553283e-13
972,MAPK1,7.793253,1.2366238,6.530567458461717e-15,1.508228803542778e-13
974,PDXDC1,7.7877564,1.1055924,6.820959220070363e-15,1.572217778040242e-13
976,ARPC1A,7.7847333,1.1990479,6.986053984146622e-15,1.6071328673276093e-13
978,FBRSL1,7.7830577,1.1343776,7.079222056769211e-15,1.6253976479175457e-13
980,JCHAIN,7.7755194,2.8303268,7.51383876065171e-15,1.7218362744433234e-13
981,TNF,7.775127,1.559044,7.537180765811677e-15,1.7255099671721924e-13
983,SNX4,7.760181,1.6677557,8.4808226624651e-15,1.937781774464315e-13
985,CDCA7L,7.7572756,1.3184894,8.677319773806232e-15,1.9788481026197923e-13
987,NDUFB5,7.740694,1.8398162,9.88757132567641e-15,2.2483270327547236e-13
989,LYPLA1,7.734569,1.0768014,1.0375404143311357e-14,2.354717923024788e-13
990,FAM214A,7.7319646,1.2181941,1.0589944204890366e-14,2.401099453103048e-13
991,NAA16,7.7258525,1.1152797,1.1110703897693472e-14,2.516755701509204e-13
994,LBR,7.6924534,1.0191114,1.4433985617754968e-14,3.260147009912636e-13
996,ATP6V1E1,7.6726,1.162067,1.6854453860194926e-14,3.7986641302030945e-13
1006,NHP2,7.6320157,1.3426121,2.3111108711557492e-14,5.155874280896895e-13
1008,BTAF1,7.6148057,1.0223331,2.640881600340971e-14,5.874903714688778e-13
1010,LDHB,7.6081705,1.1684511,2.780029389215908e-14,6.172815961774514e-13
1012,CHMP4B,7.6029353,1.0423845,2.894877252873541e-14,6.415754722964712e-13
1013,GRAP,7.6010118,1.6446388,2.938245920164192e-14,6.505761581016456e-13
1015,AP1M1,7.5903587,1.813884,3.190215825870847e-14,7.05043671704397e-13
1017,EXOC5,7.5785403,1.4560938,3.4946367460252624e-14,7.70877673985367e-13
1021,DYM,7.548505,1.2907672,4.40283177370771e-14,9.657996129630398e-13
1023,NUP210,7.538951,1.0513846,4.7376669734918006e-14,1.0363591619585446e-12
1024,AL137857.1,7.5338993,1.2846031,4.9247105470946107e-14,1.0762772503988343e-12
1025,TEAD2,7.5314913,2.9518964,5.016408258945256e-14,1.0953032760026353e-12
1027,COX4I1,7.51364,1.8627579,5.750559796332604e-14,1.2515977681845645e-12
1028,LINC-PINT,7.5135746,1.159836,5.753436336398985e-14,1.2515977681845645e-12
1032,DCTN6,7.505395,1.2625865,6.124369914523998e-14,1.3273967226125795e-12
1034,PMF1,7.495213,1.1042523,6.6190856568021e-14,1.4319915559807514e-12
1035,SYVN1,7.494179,1.1086389,6.671465098175489e-14,1.442001746449048e-12
1039,DNAJC4,7.4814057,1.1234407,7.3531840601467e-14,1.583551125653673e-12
1040,PGLS,7.478343,1.0730939,7.526545626682636e-14,1.6194079893034665e-12
1044,MXRA7,7.449904,1.5747805,9.340806131064263e-14,1.9988308894969154e-12
1046,RNF213,7.4266477,1.5085232,1.1138443105606069e-13,2.379191607435476e-12
1047,KDM7A,7.4225907,1.3741701,1.1485129711886985e-13,2.451026370611831e-12
1048,FAM160B1,7.4170938,1.3500369,1.197180148368637e-13,2.5525784139064986e-12
1049,BCAS4,7.4165835,1.2626393,1.201800753938815e-13,2.560117616896918e-12
1050,AP3D1,7.415942,1.326449,1.207630978761418e-13,2.5702176728318984e-12
1052,PCYT1A,7.4052105,1.5214545,1.309425240413917e-13,2.781850940548126e-12
1053,RARS,7.395971,1.2642038,1.4037880660729885e-13,2.9796411621871176e-12
1054,ECE1,7.3957744,1.3810985,1.405863760989997e-13,2.9813658895459928e-12
1056,SGTA,7.3929343,1.1863589,1.4362317158924395e-13,3.0403028870142825e-12
1060,BMF,7.373853,2.050146,1.657658636164947e-13,3.4964894360501562e-12
1063,RGPD2,7.366943,1.6618478,1.7458519516531617e-13,3.67266877137875e-12
1064,ITGB1,7.365582,1.2713989,1.7637590375017054e-13,3.707035134652961e-12
1069,GUCD1,7.3352976,1.2659538,2.2122950495022158e-13,4.625048720407511e-12
1071,ZNF804A,7.3158627,3.1712425,2.557331167982602e-13,5.336930818558211e-12
1076,CBX4,7.3037043,1.2317966,2.799509906383915e-13,5.816622563413692e-12
1077,ARHGAP12,7.2955117,1.7338698,2.9752611760347287e-13,6.176349123830053e-12
1079,SIMC1,7.2764173,1.1093181,3.4280251974592763e-13,7.103747035612932e-12
1081,LINC02245,7.269468,1.8466266,3.609067887074079e-13,7.46580449943992e-12
1082,API5,7.266968,1.1698883,3.67645835964725e-13,7.598550495862876e-12
1083,GTPBP4,7.264364,1.2545663,3.7479858451322753e-13,7.739607165586798e-12
1085,NMD3,7.2336864,1.3535302,4.700556194445764e-13,9.689714223362738e-12
1090,FCRLA,7.2207694,2.7225726,5.169426390676341e-13,1.060991053035945e-11
1095,SPAG9,7.2077737,1.0560476,5.687411083168707e-13,1.162250768796805e-11
1098,YPEL2,7.2045407,2.2351825,5.823972101907867e-13,1.1870743827403401e-11
1101,MXD4,7.183431,1.5539031,6.798339687738286e-13,1.3809054358837071e-11
1102,NOP10,7.178379,1.0019037,7.054269870357959e-13,1.4316589144459062e-11
1104,MPEG1,7.160266,1.7447574,8.052057467707983e-13,1.631353754594949e-11
1106,BTF3,7.151982,1.323496,8.553390647390211e-13,1.72995440831492e-11
1107,CNN2,7.146472,1.0176885,8.903654133948579e-13,1.7992546962635988e-11
1108,GGA1,7.146354,1.1737196,8.911293591510574e-13,1.7992580208761682e-11
1109,IER3IP1,7.143174,1.304161,9.120008182172594e-13,1.8398252403745275e-11
1110,PRKD2,7.13913,1.0112438,9.392351056770956e-13,1.8931482663788633e-11
1111,PAX5,7.1388946,1.2561672,9.408459389272388e-13,1.8947770218856327e-11
1113,LSM2,7.1370754,1.0134928,9.53376798560052e-13,1.9167421274627687e-11
1123,UBE2Q2,7.09458,1.1983619,1.297446033731835e-12,2.5864542849807857e-11
1124,ZNF22,7.0922637,1.152783,1.3193566080429495e-12,2.6279134193787117e-11
1126,GAPDH,7.0850134,1.4977915,1.3903084102256456e-12,2.7645702954133036e-11
1128,ARNT,7.083613,2.2863743,1.4044371770906863e-12,2.7879672574324194e-11
1130,HINT1,7.0625944,1.0510875,1.6342194571207881e-12,3.233234018979209e-11
1132,CDK2AP1,7.060527,1.2559493,1.6587252819570543e-12,3.2762253414253014e-11
1135,SMIM29,7.045542,1.1460043,1.8474136555525526e-12,3.63673932543844e-11
1138,HADHB,7.019694,1.2101443,2.2235464428662128e-12,4.3662534684668234e-11
1139,TCIRG1,7.019524,1.0103992,2.2262555565131294e-12,4.367939310089725e-11
1140,SPG7,6.9920664,1.411367,2.7086652389323473e-12,5.3100187404086545e-11
1143,MYEF2,6.981217,1.2335733,2.926339669523722e-12,5.717747948656325e-11
1144,SLC9A7,6.9788876,1.2687503,2.9752680265744048e-12,5.8085402176373594e-11
1145,RTF2,6.9760737,1.0292016,3.0354374137946144e-12,5.921109857668948e-11
1149,JUN,6.955644,1.7209108,3.5095479033450006e-12,6.823382138603958e-11
1151,RASA3,6.9515476,1.02428,3.6130006662819853e-12,7.012965026830074e-11
1153,CHMP1A,6.949192,1.1502738,3.673842284543781e-12,7.119351349925028e-11
1154,MIEN1,6.937675,1.1003098,3.986052011007712e-12,7.718029993093931e-11
1156,AP1S3,6.9266553,1.2711865,4.309063375028762e-12,8.329797120458956e-11
1158,PRRC2B,6.924954,1.033528,4.361169437167045e-12,8.416736077306113e-11
1159,FCRL1,6.915688,1.0403777,4.655975158040722e-12,8.978348174447316e-11
1160,TIPARP,6.910362,1.4490403,4.834198763076727e-12,9.3144157881551e-11
1162,CRYM,6.9052577,3.36265,5.011244502522378e-12,9.639804726408776e-11
1166,CYB5R2,6.881478,2.8287587,5.923487779860472e-12,1.135760211763174e-10
1167,PARVG,6.8807187,1.1629151,5.955140233456369e-12,1.1409023939145346e-10
1172,PSMB7,6.8664403,1.0341964,6.5823764444530626e-12,1.255972766519205e-10
1173,COL9A2,6.8615193,2.1059253,6.813200057287463e-12,1.298965758902714e-10
1174,S100A4,6.860106,1.8699406,6.8809543304514374e-12,1.310824576768727e-10
1176,NDUFV1,6.8565593,1.043867,7.053887917298043e-12,1.341602872779901e-10
1178,ELL3,6.8465867,2.489201,7.563290566017033e-12,1.4361733485897027e-10
1191,GTF2I,6.787209,1.2124476,1.1432366445961811e-11,2.1466837328881195e-10
1193,DVL3,6.780403,1.4922465,1.1984080596442253e-11,2.246705753120147e-10
1194,C11orf24,6.778466,1.6694437,1.2145818561039725e-11,2.2752202817160367e-10
1197,AAMP,6.7702346,1.2790536,1.2857388083156154e-11,2.4027943858015416e-10
1201,HSH2D,6.7338643,1.1575564,1.6521509385159043e-11,3.0777994160845217e-10
1207,LY75,6.713265,1.5705941,1.903172304095628e-11,3.525947872336665e-10
1212,SLC35B2,6.7048235,1.9842201,2.0165003067883647e-11,3.7213023253421244e-10
1214,TIMM13,6.702206,1.803538,2.0529640049088812e-11,3.7826783300440537e-10
1215,HEXA,6.697769,1.086177,2.116249799521677e-11,3.896243683159917e-10
1217,NCK1,6.690087,1.3053433,2.230379717326055e-11,4.0999729336485105e-10
1219,PCSK7,6.686789,1.0762368,2.2812047794578115e-11,4.186879969637848e-10
1224,CAPRIN1,6.682562,1.1317065,2.3480102258735775e-11,4.289480291121831e-10
1227,ZNF737,6.6701417,1.0176585,2.5555648556690942e-11,4.6506551494493165e-10
1231,ATP2A2,6.663886,1.2085408,2.666804487636721e-11,4.838169586601808e-10
1232,MSL2,6.659188,1.2302989,2.753453729711156e-11,4.991533669921076e-10
1233,HMGA1,6.6589,1.0355073,2.758852405673308e-11,4.997482220345901e-10
1234,CARHSP1,6.654306,1.4451824,2.846400289728894e-11,5.14816751252652e-10
1240,IMMT,6.565586,1.1612563,5.1828550086054145e-11,9.324003564642805e-10
1241,PRDX1,6.5639896,1.2355845,5.2386870208750823e-11,9.417268069589839e-10
1242,ACAA2,6.5631914,1.7335206,5.266823234418835e-11,9.46064146133849e-10
1244,UPF3A,6.5608225,1.13379,5.351182283374607e-11,9.597565002620886e-10
1245,SPG21,6.5596313,1.093605,5.394092728864295e-11,9.667180765329077e-10
1248,CCNL2,6.540262,1.0104413,6.141113542446062e-11,1.0980962344117758e-09
1249,HNRNPAB,6.5397124,1.0432551,6.163725881837194e-11,1.1013052383724701e-09
1251,LRPPRC,6.5279336,1.1528906,6.668320831362495e-11,1.188764173584962e-09
1253,SYTL2,6.5254602,3.0388625,6.779307848392043e-11,1.2067270222141584e-09
1254,CD151,6.523955,2.0543814,6.847721553905218e-11,1.2179862233370374e-09
1255,XPNPEP1,6.5171494,1.5022112,7.165593711190477e-11,1.2735655750393736e-09
1256,UBA1,6.511365,1.2017999,7.447094551358084e-11,1.3226017509082382e-09
1257,ZNF880,6.509716,1.4312905,7.529303146764344e-11,1.3361965576923218e-09
1259,BSG,6.508734,1.0447925,7.578657472036425e-11,1.3429358281717397e-09
1260,FBXW7,6.5057373,1.1428918,7.731318485850856e-11,1.3689595665531714e-09
1261,MAP7D1,6.504311,1.4893886,7.805034781360134e-11,1.3809762814426029e-09
1262,MRPL3,6.5035386,1.0527036,7.845222507267845e-11,1.387047092427288e-09
1267,PTPN12,6.494482,1.2521367,8.331948051657659e-11,1.467604252711013e-09
1270,ASMTL,6.4889855,1.3119036,8.64162954822191e-11,1.518751915314086e-09
1272,ZNF385C,6.478542,3.2889462,9.261333517707564e-11,1.6252435317356998e-09
1276,UBA52,6.4710817,2.3578403,9.730369442392982e-11,1.7024900663365572e-09
1277,PIAS2,6.4609914,1.5271312,1.0401919386836277e-10,1.8186407650925675e-09
1290,TCEAL4,6.408563,1.0656633,1.4689739207648688e-10,2.5438144865600293e-09
1291,TM2D3,6.4080133,1.0697432,1.4742783763299566e-10,2.5511284836155398e-09
1301,GRK3,6.3828726,1.3630869,1.7379653715940825e-10,2.9855310528191507e-09
1302,SUMF2,6.3815374,1.0107273,1.7531861522321182e-10,3.0094874728097955e-09
1305,CYSTM1,6.3714995,1.1117773,1.8718880585916787e-10,3.206253544770638e-09
1308,CREB3L2,6.3556376,2.39212,2.075638393159916e-10,3.547523026339862e-09
1309,SLC23A2,6.353766,1.3345759,2.1010622856141886e-10,3.588377216161483e-09
1316,PSME4,6.343414,1.0449271,2.2472852574680596e-10,3.8187670217436e-09
1319,STAM,6.3322763,1.054397,2.415700102415986e-10,4.096104131991703e-09
1320,MBD1,6.332041,1.0737584,2.419392261737805e-10,4.099419637745687e-09
1322,RNF168,6.3313866,1.4560689,2.429677203520943e-10,4.110944160193893e-09
1329,ZNF506,6.295017,1.1457223,3.073669381158239e-10,5.174594750604701e-09
1330,TMEM263,6.292399,1.4399065,3.125964647754001e-10,5.258884075619222e-09
1334,PSMB2,6.2785,1.0111344,3.418544320654859e-10,5.734747803867565e-09
1338,AL133415.1,6.2682266,1.8870198,3.6518302183634094e-10,6.108727756486999e-09
1341,TTC14,6.246043,1.1658007,4.2098015397095376e-10,7.022186978216553e-09
1345,GNL3,6.23717,1.1063863,4.4555727275385057e-10,7.411196834960631e-09
1347,BEX3,6.233401,3.1132255,4.564159187646695e-10,7.58112943744018e-09
1350,NUTF2,6.2288594,1.2915076,4.698425026674772e-10,7.787705470828978e-09
1352,NDUFB2,6.22208,1.1318408,4.90605678295361e-10,8.12045289257041e-09
1360,MRPL28,6.1722827,1.1015986,6.73110243707581e-10,1.1071373576466922e-08
1362,ZNF101,6.169966,1.4151759,6.830460148843683e-10,1.1219161509614297e-08
1368,GFM1,6.14955,1.367113,7.770319540626006e-10,1.270983036156588e-08
1372,UBR2,6.1287146,1.0258483,8.859188458728652e-10,1.4450824132092078e-08
1375,TBPL1,6.1190953,1.0366912,9.410809963649634e-10,1.531583868589328e-08
1376,NDUFS2,6.1190166,1.1665148,9.415448007978286e-10,1.531583868589328e-08
1378,RBBP8,6.11407,1.0770619,9.712182381435804e-10,1.5776781882245648e-08
1381,ATP6AP1,6.1034036,1.4005781,1.0383327628445242e-09,1.6832258380095676e-08
1383,CLPTM1L,6.100367,1.0091463,1.0582506993524102e-09,1.711987063523985e-08
1384,PTCD3,6.099883,1.1410224,1.0614615213856517e-09,1.71600522529216e-08
1388,MGAT4B,6.0866256,1.1899623,1.1531534681866551e-09,1.858331308219177e-08
1393,EIF4E2,6.083406,1.2315445,1.176559907347581e-09,1.8904250165503712e-08
1412,APP,5.9943852,2.023052,2.0425674466621955e-09,3.239967704540847e-08
1417,CCDC69,5.9742045,1.1335396,2.3121584857032567e-09,3.652869928919275e-08
1430,RAB43,5.9382925,1.9763933,2.880060119121529e-09,4.510820105615491e-08
1432,TMEM159,5.919054,1.7700107,3.2379886483705418e-09,5.064694901755461e-08
1435,MRPL44,5.9056654,1.0036151,3.512261028652761e-09,5.482797424556291e-08
1437,LRCH3,5.9019356,1.4746498,3.5926157201475685e-09,5.600826211535208e-08
1442,DDB1,5.8563,1.1316593,4.73293957453639e-09,7.339787961746545e-08
1443,NOSIP,5.8513393,1.0080918,4.876296895946246e-09,7.55713956894414e-08
1444,WDFY1,5.8450575,1.3123413,5.063932064589439e-09,7.842781398983238e-08
1451,G3BP1,5.819406,1.2342573,5.9057066658433435e-09,9.104663254990231e-08
1459,TMED3,5.79861,1.3834072,6.686674340560669e-09,1.0255073064343954e-07
1460,BTK,5.7962675,1.1007136,6.780704547447844e-09,1.0392530482689057e-07
1463,MCUB,5.788546,1.1004196,7.099830850859353e-09,1.0860486556891336e-07
1467,MAP1LC3A,5.7800784,1.3449537,7.466581117854079e-09,1.1391966006768573e-07
1473,GLUL,5.7654076,2.0674381,8.146081404047658e-09,1.2380679934303726e-07
1475,GMPS,5.7582226,1.009873,8.500430978233454e-09,1.2894323417689218e-07
1477,ITM2C,5.7539034,2.6849542,8.720591923755965e-09,1.3211304953556613e-07
1481,SND1,5.73706,1.0584478,9.633412017837802e-09,1.4556813307107917e-07
1486,TRAPPC8,5.71773,1.0292081,1.0795656849972983e-08,1.6261001188890384e-07
1487,NDUFS4,5.7165127,1.0756348,1.0873231065361441e-08,1.6367402604319267e-07
1488,SMC4,5.7101393,1.0861228,1.1288382200524157e-08,1.6981496818290102e-07
1489,GMEB2,5.7097464,1.1482447,1.1314453773953388e-08,1.7009875950740243e-07
1490,RNF44,5.707718,1.0100052,1.1450091856714179e-08,1.7202833742458608e-07
1496,L1TD1,5.694853,3.200873,1.2347822250408534e-08,1.845760915619966e-07
1500,KIF13B,5.690246,1.3396924,1.2685627606020254e-08,1.8914647402709795e-07
1501,INPP5K,5.685757,1.1494626,1.3023425035704525e-08,1.9406054363493303e-07
1502,CLEC17A,5.681648,1.35891,1.3340313345911576e-08,1.9865704473410154e-07
1505,CHFR,5.6748686,1.0424371,1.3879519950535425e-08,2.0629616460484108e-07
1506,COPDA1,5.6745806,1.8137872,1.3902883212596905e-08,2.0651337474318737e-07
1509,ATP6V0A1,5.6668983,1.8247437,1.4540559141594805e-08,2.1544307433713882e-07
1514,TUSC2,5.6557217,1.1546384,1.5519282797532367e-08,2.292250512328889e-07
1519,PI4K2A,5.639559,1.3038607,1.7048658263822165e-08,2.5102899625763857e-07
1524,SPATA20,5.630358,1.2466633,1.798357639692176e-08,2.6397161299536337e-07
1525,PTPN18,5.6266937,1.3775762,1.836964937600793e-08,2.69470997030401e-07
1526,OGDH,5.611761,1.1187568,2.0027800308207597e-08,2.936125283693316e-07
1529,WSB2,5.6064734,2.060309,2.0649044255320317e-08,3.0215709334056134e-07
1533,THAP12,5.594564,1.0550603,2.211768155117758e-08,3.228470239037999e-07
1541,CHD3,5.5749197,1.4560034,2.4764391874148124e-08,3.5970088701878043e-07
1545,SEL1L,5.5545297,1.0316175,2.7836037004792817e-08,4.028289279117872e-07
1547,MCM3AP,5.5484834,1.10898,2.8815858584564773e-08,4.16497679223198e-07
1549,PTBP2,5.5432353,1.013537,2.9693370409706934e-08,4.28656037786124e-07
1551,CCNQ,5.5398846,1.1913487,3.0267077995652624e-08,4.364043017296205e-07
1552,MAN1A1,5.5380263,1.4944465,3.0589928334124085e-08,4.4079003569617266e-07
1556,DESI2,5.5308676,1.043123,3.186509542328871e-08,4.5804619200723716e-07
1557,SELL,5.529834,1.0426886,3.20534699853433e-08,4.6022779576156175e-07
1559,DCLK2,5.529585,2.844419,3.209893615559741e-08,4.605660729973044e-07
1569,POLR2L,5.50201,1.3637413,3.7548626979384864e-08,5.355046783047861e-07
1571,IL21R,5.4985285,1.6398144,3.82973752621997e-08,5.451947818538598e-07
1573,BX284613.2,5.488569,4.313705,4.052031796780088e-08,5.761452198759062e-07
1575,PIK3R4,5.484263,1.3796396,4.1519634473082234e-08,5.896437620145366e-07
1576,HIST1H2BK,5.4840407,1.7618328,4.1571915006867226e-08,5.900312146164084e-07
1579,GPR160,5.4659276,1.5507511,4.604921375669448e-08,6.512280361289753e-07
1581,SMPD1,5.4650903,1.720709,4.626718478563283e-08,6.535274461372183e-07
1584,BANF1,5.4556932,1.2912282,4.878213617190507e-08,6.878164635994476e-07
1592,VAT1,5.410751,2.1040888,6.27609770733073e-08,8.801826154850102e-07
1598,OAS1,5.390976,2.8589525,7.007606640254587e-08,9.78701417336858e-07
1600,ABCB4,5.3869057,1.4142851,7.16810076614268e-08,9.999331110122086e-07
1601,NPLOC4,5.3855186,1.1200747,7.223612124637138e-08,1.007081612391083e-06
1603,RASGRP3,5.3797994,1.6019502,7.456894543769122e-08,1.0383780644046172e-06
1607,GET3,5.3663845,1.248918,8.033054327681045e-08,1.1157232285141e-06
1609,CD2BP2,5.3621573,1.0583901,8.223384049214939e-08,1.141073096493946e-06
1611,ZSCAN16-AS1,5.356006,1.4611353,8.508154657599463e-08,1.1792012588568416e-06
1614,AC092902.4,5.3386655,1.4887114,9.363324133269821e-08,1.2954427873245462e-06
1616,ZBP1,5.3232617,1.3567511,1.0192304095884108e-07,1.408483334749137e-06
1620,MRPS22,5.3141656,1.0873824,1.0714704909716984e-07,1.477214836355432e-06
1622,KDM3A,5.306588,1.3686067,1.1169616240401043e-07,1.5381356599894156e-06
1627,HSD17B10,5.30346,1.0857215,1.1362795861756709e-07,1.5601865661724469e-06
1630,ARMCX6,5.299377,1.2233464,1.1619850604719309e-07,1.5927022870103939e-06
1631,PIK3C3,5.2949533,1.2510753,1.1904675646572333e-07,1.6307954688685245e-06
1638,TEPSIN,5.281578,1.1670045,1.2807589545101424e-07,1.7473846013469878e-06
1642,SYNE3,5.25963,1.6670669,1.4434521530961434e-07,1.964809756028159e-06
1643,GALNT9,5.2567644,3.0574431,1.4661203453421718e-07,1.9945151879603044e-06
1647,HPS3,5.2469487,1.1285233,1.5463893203227826e-07,2.0988744754214283e-06
1650,ZNF91,5.2407846,1.020998,1.5989534052556068e-07,2.1664808969143565e-06
1651,SH2D3C,5.240117,1.8137872,1.6047476517473735e-07,2.1730842698906056e-06
1654,FCGR2B,5.234869,1.2693299,1.651019173864877e-07,2.2319018076021016e-06
1659,EFHC1,5.2247396,1.916551,1.744006230018908e-07,2.34953076753061e-06
1662,HLA-DOB,5.2234044,1.6063092,1.756631658238958e-07,2.3624944176304346e-06
1663,TIMP2,5.221127,2.1584382,1.7783733672662352e-07,2.3903728125048376e-06
1667,DNPH1,5.213929,1.5791682,1.8488214803514838e-07,2.479416670496368e-06
1668,APOM,5.2126727,1.4730848,1.861391295224942e-07,2.49485626014732e-06
1670,SRM,5.2111416,1.2543068,1.8768224771273656e-07,2.512685248306138e-06
1671,TMEM30A,5.210618,1.1047845,1.8821264042826098e-07,2.5183576825556938e-06
1672,PCBD1,5.209676,2.8943653,1.8917100072933644e-07,2.5297468159855684e-06
1678,ACOT2,5.198146,1.4040266,2.0128637690215746e-07,2.6826439040212436e-06
1679,KLHL14,5.1838803,2.5688577,2.1731636803066158e-07,2.894649116607057e-06
1688,NCOA1,5.165584,1.5729762,2.3968919260737676e-07,3.1765210629488564e-06
1694,SBF1,5.1526146,1.1702493,2.568797070395499e-07,3.39291087031589e-06
1698,GID8,5.137839,1.1449945,2.7791617000292223e-07,3.6605219646088024e-06
1699,IFI27L2,5.1362553,1.2226862,2.8026703623111045e-07,3.6894271367333518e-06
1702,CNP,5.1317663,1.5017039,2.8703591418837516e-07,3.7701216931487025e-06
1704,AGGF1,5.126348,1.0873156,2.9541635119272184e-07,3.875882233019352e-06
1705,SGPP1,5.1148963,1.4045683,3.139130464625687e-07,4.1139864717690226e-06
1713,ZNF592,5.093904,1.3312458,3.5076397038575146e-07,4.574078449179498e-06
1714,POLR3K,5.0922685,2.1373384,3.5380491761271224e-07,4.611185792607867e-06
1721,KNL1,5.070556,2.2958229,3.966546245665951e-07,5.149746481653104e-06
1722,TOP1MT,5.063227,1.8469647,4.1221787371518087e-07,5.345922238076602e-06
1724,DIP2A,5.0623503,1.3403244,4.141189007849085e-07,5.3632109291284745e-06
1730,UAP1L1,5.0562253,2.2382753,4.276355982317513e-07,5.518580112118111e-06
1739,ZSWIM8,5.0302076,1.2832469,4.899487810139214e-07,6.288342076276013e-06
1741,RAB29,5.0246587,1.1217773,5.043287895342837e-07,6.465873122964529e-06
1748,SEC24C,4.999989,1.3488358,5.733363897015175e-07,7.322759094223441e-06
1749,NACA,4.997777,1.4123023,5.799498354007408e-07,7.4032211817002084e-06
1750,HDLBP,4.9968085,1.4201068,5.828687586707343e-07,7.432442631499374e-06
1755,C1orf112,4.9867053,3.8263984,6.141771033677505e-07,7.806366273984391e-06
1757,SEC23A,4.9776487,1.0664243,6.436137654082276e-07,8.167320271467954e-06
1760,AEBP1,4.9719815,2.1082437,6.627195882122872e-07,8.396226752858087e-06
1763,NORAD,4.966236,1.050857,6.826475978206994e-07,8.630172068217446e-06
1769,MED17,4.946618,1.1046138,7.55138574174793e-07,9.510958253067044e-06
1772,IBTK,4.9433727,1.2495906,7.678254196142074e-07,9.65529215724781e-06
1774,C16orf74,4.929971,1.6661452,8.2241804879818e-07,1.0330778715158829e-05
1781,EXOC4,4.9128265,1.1753576,8.977270977519341e-07,1.1234916589734306e-05
1782,PPIL2,4.912434,1.0906291,8.995272050790814e-07,1.1251478866709887e-05
1783,MARCH2,4.9103923,1.5208439,9.089439300245094e-07,1.1363243421805348e-05
1787,AGPAT3,4.9056544,1.6447412,9.311626537337372e-07,1.1616401752683616e-05
1788,TPP1,4.9041233,1.2906715,9.384549954784744e-07,1.1701190310765152e-05
1800,TRAPPC6A,4.874284,1.2930841,1.0920378825199114e-06,1.3502027313314547e-05
1805,F11R,4.8686695,1.2583214,1.123521280187439e-06,1.3855001450503724e-05
1808,CEP68,4.862479,1.8341341,1.1592459438781084e-06,1.4273177889074069e-05
1812,DUSP22,4.8511324,1.2191089,1.2275859685956395e-06,1.5083139831734971e-05
1816,KLHDC4,4.836121,1.5038348,1.323973097324533e-06,1.6225200942965187e-05
1819,KMT5A,4.8260436,1.53073,1.392719401238537e-06,1.7032308822504243e-05
1831,MAGEF1,4.8025126,1.1298155,1.5668701590385585e-06,1.903388387225275e-05
1832,TGFBI,4.7994895,3.8263984,1.5907071268343233e-06,1.9303578567954e-05
1833,TMEM160,4.7992406,1.3041049,1.5926831836121997e-06,1.931762650709083e-05
1844,KCTD20,4.768616,1.1273943,1.8549578875805706e-06,2.233804643906337e-05
1850,CTSD,4.7591276,1.9302617,1.9443142007629658e-06,2.3330781942352965e-05
1863,CCR6,4.744038,1.2157683,2.094996596289755e-06,2.4973840738498527e-05
1864,RNF121,4.743174,1.8601292,2.1039530381261277e-06,2.506794727859212e-05
1865,TMX3,4.7423496,1.2344154,2.1125366678203953e-06,2.515751915770171e-05
1871,GPM6A,4.730715,3.71036,2.237305895666213e-06,2.6562943186825768e-05
1877,GABARAPL1,4.714735,1.3778341,2.4202540835238402e-06,2.8634214101961502e-05
1882,TOX2,4.7041607,2.007709,2.549127160751658e-06,3.0083524187610693e-05
1889,TUBA1C,4.6940045,1.2832152,2.6790799570076207e-06,3.1506888004609305e-05
1890,CDC25B,4.6908636,1.3301882,2.7205426924895252e-06,3.1978570304198334e-05
1897,RELCH,4.667764,1.0490907,3.0449492011581473e-06,3.5649769838757815e-05
1899,BAK1,4.6598988,1.0308608,3.163649598595247e-06,3.700278566682043e-05
1903,EZH1,4.6417594,1.2670158,3.4545469694783264e-06,4.0325258219879795e-05
1906,TBCCD1,4.629261,1.923733,3.6697287600999392e-06,4.275252118688986e-05
1907,SYNJ2,4.628895,1.0987834,3.6762277076933577e-06,4.280710536985018e-05
1914,MGST3,4.61442,1.1398214,3.941947257920329e-06,4.572077696741697e-05
1917,TEX10,4.605599,1.1531962,4.112802842745024e-06,4.7626839722913695e-05
1918,GOLGA2,4.6055202,1.1809046,4.114355217346144e-06,4.7626839722913695e-05
1920,TP53I3,4.601516,2.7034588,4.1942751818381496e-06,4.850439839143843e-05
1925,EFTUD2,4.5910063,1.0467392,4.41113599589746e-06,5.0887606505947084e-05
1932,CHCHD5,4.5710483,1.0742383,4.852907217198977e-06,5.579306821604845e-05
1933,SBNO1,4.570302,1.0229352,4.870214587746914e-06,5.596478817652892e-05
1934,TFDP2,4.568496,1.3670945,4.912361802079408e-06,5.6421642634783584e-05
1942,SNX13,4.5545187,1.0037225,5.25056461316695e-06,6.007226202839531e-05
1947,ATAD2,4.5397563,1.2053108,5.631933541410179e-06,6.424868408791903e-05
1950,DUS2,4.537191,1.3903137,5.700847964124747e-06,6.49093654111126e-05
1951,CTDSP2,4.5346,1.2141024,5.771284763129381e-06,6.567966936554618e-05
1952,QTRT1,4.5319037,1.080371,5.845451317615526e-06,6.649165660225507e-05
1954,NUCB1,4.527742,1.1283178,5.961735251179144e-06,6.774907902435308e-05
1959,BCL6,4.5222845,1.3003266,6.117579178307695e-06,6.935313225052668e-05
1960,NDRG1,4.5221796,1.7058882,6.120606767795161e-06,6.935414380233758e-05
1968,CBL,4.5105844,1.1029048,6.464932857696047e-06,7.290578606794066e-05
1970,DDX1,4.5092626,1.2146289,6.505341121664595e-06,7.329143985424794e-05
1971,ADCK2,4.507757,1.3470938,6.551644728782435e-06,7.377789624687586e-05
1972,APBB1,4.506331,1.0761052,6.59582343438146e-06,7.423997163648337e-05
1977,CSNK2A2,4.4934134,1.2678996,7.009049845248973e-06,7.86660026140806e-05
1978,AL139042.1,4.4934134,2.9942014,7.009049845248973e-06,7.86660026140806e-05
1979,LMF1,4.4915814,2.1216276,7.0696316880407785e-06,7.930823038632438e-05
1980,CTNNA1,4.4908485,1.775852,7.094004380684165e-06,7.954384104384245e-05
1981,CD1C,4.4903903,3.50915,7.1092781006819255e-06,7.967725119202065e-05
1991,YBEY,4.4679585,1.3488774,7.896964217329756e-06,8.808697846012961e-05
1994,RASSF3,4.466741,1.3048637,7.942006861227548e-06,8.846398676052564e-05
1996,B4GALT2,4.46254,2.76881,8.099371065114843e-06,9.013175636487771e-05
1997,ARHGEF12,4.4616895,1.7165278,8.131596937387554e-06,9.044772974229899e-05
2001,WDR41,4.451848,1.0251069,8.513449804251628e-06,9.442808070007105e-05
2002,CD79B,4.447856,1.3953304,8.67315816869046e-06,9.61543223370601e-05
2005,RASGRF1,4.435554,2.3820329,9.183582592318484e-06,0.00010166984049085045
2010,LARP4B,4.425935,1.154215,9.602557562972321e-06,0.00010605950685953939
2011,DHX16,4.4239454,1.4195428,9.691452292861486e-06,0.00010699127617792781
2019,DNAJC13,4.4002833,1.4793509,1.0810963242051978e-05,0.00011879476974029462
2020,RAPGEF2,4.393504,1.161012,1.1153812145856108e-05,0.0001224481060830892
2021,NFATC2IP,4.388845,1.0621598,1.1395429949358656e-05,0.00012504246075997785
2024,TNPO3,4.380796,1.0701647,1.1824646883989208e-05,0.00012957156007557905
2027,POLR2H,4.3745275,1.4388301,1.2169592194792171e-05,0.0001331659177439405
2028,DDI2,4.372656,1.3428947,1.2274419308999443e-05,0.00013425075020867183
2031,KIAA2013,4.366845,1.1922648,1.2605415709813267e-05,0.00013767960527474434
2038,RNF144B,4.3401594,1.4676056,1.4237923739831493e-05,0.00015493670540859508
2051,NUDT1,4.3092732,1.2418191,1.6379185686045472e-05,0.00017709478687481965
2053,ACADM,4.3081083,1.0783527,1.6465659804334652e-05,0.00017786680474220174
2054,NUMBL,4.3076243,1.4415869,1.6501737617834532e-05,0.00017809351302869157
2055,CASP7,4.304182,1.1149756,1.676036222303807e-05,0.00018080202447457382
2062,PLCG1,4.276136,1.3330657,1.901651488738286e-05,0.00020425491475052667
2064,HOMER2,4.2756257,3.4917881,1.9060138578440786e-05,0.00020458228779760704
2067,CPTP,4.274029,1.9307039,1.9197218712006608e-05,0.000205679506699724
2068,FCRL3,4.2738323,1.9420403,1.9214137503980796e-05,0.00020576737182688692
2070,DDX19A,4.2687416,1.1419086,1.9657890469988184e-05,0.0002103287347067684
2071,FAR1,4.2605095,1.0464286,2.0396139237961566e-05,0.0002180299250152205
2075,HIST1H2AC,4.2526307,1.4297042,2.112736572777844e-05,0.0002254381615157118
2078,DSTN,4.2504582,1.4999573,2.1333348339901575e-05,0.00022732777465765095
2080,PEPD,4.248417,1.3548267,2.1528663740931427e-05,0.0002292020975539939
2084,LRRC8A,4.239805,1.6815231,2.2371383970835795e-05,0.00023763806294493125
2088,EPB41L5,4.2351985,1.9739127,2.2834997754952337e-05,0.00024212688769548069
2092,MED26,4.223446,1.1639892,2.4059513506485947e-05,0.0002546532274859138
2099,ZNF852,4.2098875,1.2086059,2.5549807590661624e-05,0.0002695807369523408
2111,MRNIP,4.1882668,1.8604437,2.8109284230751353e-05,0.00029474164180294277
2114,TTC28,4.183516,2.1202843,2.870346937473848e-05,0.0003005714230931466
2118,ZNF208,4.1750355,1.8351467,2.9793960384245292e-05,0.00031116232165900073
2120,ZXDC,4.173151,1.031944,3.0041582836319022e-05,0.0003134710343437833
2124,MAPK3,4.1680074,1.0742664,3.07273777731399e-05,0.00032006103158844704
2125,CBFA2T3,4.1651936,1.1543552,3.110882765437223e-05,0.0003238913361826854
2128,OSBPL11,4.1599326,1.024172,3.183415375770779e-05,0.0003308593267913593
2129,RGS1,4.15865,1.5966692,3.2013395066896115e-05,0.000332575776304555
2130,AC133065.1,4.158166,2.7013052,3.2081316823549404e-05,0.00033313476506213665
2132,MPST,4.154017,1.9362068,3.2668878925673344e-05,0.0003387889056602232
2133,CAPN1,4.1515174,1.5230945,3.302781932207715e-05,0.0003423608341936702
2135,KATNBL1,4.1492534,1.301742,3.335616352069089e-05,0.00034546095988541775
2138,ZER1,4.1461515,1.0159851,3.3811012563485414e-05,0.00034971136263626043
2149,PAM,4.1268477,1.5327263,3.6777001109663356e-05,0.0003783991094992956
2150,GART,4.1184587,1.393482,3.814152224076299e-05,0.00039191133340515054
2151,TOLLIP,4.1171107,1.1428353,3.836521467574934e-05,0.0003938817581521147
2156,GOLGA8A,4.105358,1.6354598,4.036892228517524e-05,0.0004133742614737489
2157,PFKP,4.104965,1.9947846,4.0437545972038934e-05,0.0004138973970416457
2165,PRKCD,4.0942335,1.1108809,4.235669771591261e-05,0.0004320419776096307
2168,PYHIN1,4.0853734,2.4686573,4.4005975160793745e-05,0.0004482835700130405
2170,KCNAB2,4.0843134,1.1375421,4.4207334973759274e-05,0.00044994641111929286
2171,FAM122B,4.083332,1.3005581,4.43945582029746e-05,0.00045165722295896965
2175,LINC01572,4.07561,2.526421,4.589383161334862e-05,0.0004661067588510618
2178,PTTG1,4.072299,1.4312385,4.655134142320147e-05,0.00047217503722038
2187,FBXO11,4.0515556,1.0196234,5.087824380611925e-05,0.0005134156428199371
2188,HDAC9,4.048375,1.6840715,5.157440027629348e-05,0.0005202181921886132
2189,VAMP3,4.046805,1.0942167,5.192150175414016e-05,0.0005234956026924264
2191,ATXN10,4.0458364,1.3048671,5.2136649952256996e-05,0.0005252161113201545
2198,PPM1M,4.035209,1.5281056,5.4553635802150767e-05,0.0005479274322715594
2207,OSBPL3,4.0251584,1.0712131,5.693702736128486e-05,0.000569664384195205
2208,NOP2,4.0250664,1.0748353,5.695919784352344e-05,0.000569664384195205
2226,SLC35D2,3.9947038,1.6154618,6.477520100506923e-05,0.0006426603906358339
2227,CORO1C,3.9940493,1.2723861,6.49543320719001e-05,0.0006440741331654844
2235,NAGLU,3.9779518,1.6922665,6.951145298722152e-05,0.00068647649575623
2239,KIF22,3.9752557,1.1178938,7.030364848444481e-05,0.0006931399395064122
2240,ZFP90,3.9671547,1.2825086,7.273578797260494e-05,0.0007165203687468258
2244,CDC34,3.9583468,1.3428129,7.547031163863423e-05,0.000742219069002785
2246,YIF1A,3.9537401,1.0420601,7.693899369176066e-05,0.0007560329176130836
2250,MYBL2,3.9469476,2.92388,7.915384395338482e-05,0.0007758588782523845
2252,FUOM,3.9458482,1.4795306,7.951793551404621e-05,0.0007787808431278144
2254,TTC24,3.9448144,2.2733397,7.986179912749268e-05,0.0007815000185763722
2262,GPRIN3,3.9354177,3.4415817,8.305213750863828e-05,0.0008100328932299129
2263,LILRB1,3.9339256,1.5356885,8.356963034937697e-05,0.0008147434882843224
2264,TCTN1,3.9328787,1.1768826,8.393460116035433e-05,0.0008179638279057982
2270,VPS13D,3.9255235,1.1572613,8.654130065737051e-05,0.0008412826686227002
2272,GANC,3.9217544,1.4234421,8.79065797087988e-05,0.0008538514406859169
2295,CSE1L,3.8877795,1.1368729,0.00010116550808302908,0.0009726311557163893
2298,GOLGA3,3.881,1.0174193,0.0001040277968150785,0.0009989292466339697
2300,LAMTOR2,3.8788013,1.0318593,0.000104972403222032,0.0010071803387193582
2302,RPIA,3.875909,1.1130818,0.00010622734215816153,0.0010183931587973544
2303,TM2D1,3.8740506,1.1041493,0.0001070411392033628,0.0010257783226215885
2308,ZMAT3,3.8656092,2.1073453,0.00011081221749920956,0.0010589071941837422
2310,ACYP2,3.8645754,1.1014478,0.0001112826232418322,0.0010625419726444036
2312,CYTH2,3.8567884,1.4300486,0.00011488655541127978,0.001096066033699449
2323,ARRDC1,3.838152,1.1597327,0.00012396382063396924,0.0011764849450838666
2324,PSMD10,3.8376546,1.1352903,0.00012421507161450193,0.0011780477174774423
2327,NUP50,3.835495,1.2217757,0.0001253116077153326,0.001186889998758024
2329,HMG20B,3.8326683,1.4648619,0.00012676086776324268,0.0011996538740239844
2333,SKI,3.827119,1.0352384,0.00012965177223764527,0.0012246883098845538
2336,ADCY3,3.8220804,1.3563992,0.0001323304870033587,0.001248359905971333
2340,KBTBD8,3.811113,1.1883385,0.00013834239142096382,0.0013029910074656861
2349,ELK1,3.7955391,1.1388245,0.00014732293888607213,0.0013826096725757298
2351,AHCY,3.7905529,1.1340091,0.00015031234714052528,0.0014095440324027883
2374,GRN,3.7614596,1.0065854,0.00016892479075721585,0.0015691191799459133
2380,GCHFR,3.7549944,1.6877425,0.00017334543271185977,0.0016063887900659702
2381,ARHGEF3,3.7542353,1.2106107,0.0001738715340440684,0.0016106317967198378
2383,TACC3,3.7493668,1.0965698,0.00017728170619883015,0.0016409333770239169
2389,KLHDC3,3.7306254,1.2422359,0.0001910049804529374,0.001763806945864899
2392,VPS8,3.7263067,1.7227005,0.00019430600969718703,0.0017921863020252855
2402,HERC2,3.70839,1.0703456,0.00020858128937040578,0.0019156203007819797
2407,GSTM2,3.7043722,1.9153528,0.00021191500475428412,0.001942458196976842
2409,NTAN1,3.7017546,1.2372261,0.0002141136538384431,0.001961088308711204
2412,FAM53C,3.6997523,1.1690124,0.00021581006226006734,0.001974327480435802
2414,ZNF254,3.69597,1.1889862,0.00021904887594046497,0.0020024053519840414
2417,S1PR4,3.6918213,1.2274157,0.00022265394054865847,0.0020329984366615032
2418,ZMYM4,3.6907089,1.0044086,0.00022363002552002004,0.0020411212267397653
2420,HAUS8,3.6845446,1.1617668,0.00022911188208519872,0.002089539317178109
2421,EEFSEC,3.6799772,1.1560501,0.00023325488754260922,0.002125681509910504
2424,H1FX-AS1,3.6776476,1.1489584,0.00023539491251705694,0.002142701936035517
2429,EI24,3.666916,1.0417622,0.00024549353478777245,0.0022303248274040772
2430,AC012645.3,3.6656988,1.6135874,0.0002466641821489187,0.0022400979958679982
2432,AL109955.1,3.6623876,1.2418971,0.0002498753998729805,0.002267515979700868
2437,ALG3,3.6541686,1.248944,0.0002580165927829584,0.0023369016268058973
2449,GLRX5,3.63264,1.1896892,0.00028053642884908516,0.0025292212872898997
2450,FBXO44,3.6324565,1.2140824,0.0002807357605799877,0.0025300519881517563
2455,PRDX4,3.624421,1.487258,0.00028960957559906887,0.002605051376853972
2461,PRCP,3.6124067,1.2975678,0.0003033682848554076,0.002720517335654326
2479,ADSL,3.571443,1.4755639,0.0003550197903196798,0.003159702907584993
2489,NBPF15,3.5524662,1.0156231,0.00038163798518806263,0.00338384724432526
2490,SERPINF1,3.5488148,2.8982928,0.0003869690729116526,0.00342827579664338
2498,INPP5F,3.537337,1.4364889,0.0004041833277818652,0.003569000780260144
2506,KIF1C,3.5302308,1.5122766,0.00041519747178020373,0.003653954484126827
2507,ITPA,3.5294716,1.0079731,0.0004163903629298911,0.0036630867447760788
2510,GANAB,3.5282807,1.1621655,0.00041826842038533056,0.0036754987067591054
2512,SYNE1,3.5278356,1.1041493,0.0004189721398931015,0.00367894323582473
2517,AC005944.1,3.521606,1.5949662,0.00042894102629905225,0.0037580902166802262
2520,NSMCE1,3.5185306,1.3844997,0.00043394389152408145,0.0037976928704645508
2525,WBP4,3.509618,1.0035951,0.00044875092258586934,0.003920010372240664
2528,PLD4,3.4932587,3.1157038,0.0004771640246914621,0.004157439082610771
2530,SH3BP2,3.4914396,1.5533408,0.0004804251930296042,0.004182764969043802
2533,YEATS2,3.4895027,1.250517,0.00048392035980799334,0.004208538044417121
2543,RTL8C,3.4797,1.8438302,0.0005019753390790218,0.00434793538652556
2545,PAPSS1,3.471298,1.494691,0.0005179489062244139,0.004483002579250034
2546,WRAP73,3.47101,1.1768221,0.000518504592499946,0.0044861671175865925
2549,ZNF860,3.4678037,2.0503428,0.0005247305810238909,0.004535047932591321
2556,ATP6V0A2,3.4564044,1.0621501,0.0005474332030518639,0.004715717478698227
2557,ERMN,3.453067,1.1108654,0.0005542509564673365,0.004772705335825809
2566,PES1,3.4430554,1.1146214,0.0005751817065654015,0.00493493777537738
2569,SLC1A4,3.4384747,1.3516246,0.0005850012239267182,0.005013719639920962
2570,MZB1,3.4370613,1.1312666,0.000588062613827598,0.0050375165681980395
2576,HOXB2,3.430164,1.6100732,0.0006032161667895737,0.00515672263119678
2579,MFSD1,3.4246414,1.0854915,0.0006156116911908856,0.005256976391888015
2582,ARRDC4,3.4195242,1.5957885,0.0006273077919794566,0.005347181586887365
2583,STIP1,3.4187126,1.1414801,0.0006291812963124026,0.005361215211863408
2584,LINC01278,3.4173255,1.1031502,0.000632396446621558,0.005384723423379738
2587,ADA,3.4149303,2.4112637,0.000637983125576351,0.005426420076749049
2589,SBF2,3.4122868,1.1686358,0.0006442031279365955,0.005474458951797121
2590,SLC39A7,3.4114754,1.3986459,0.0006461235208764764,0.005487748637368648
2596,TSC1,3.398388,1.0692246,0.0006778424138889416,0.005744744881515507
2599,TUBB2A,3.392564,1.8744652,0.0006924176216770597,0.0058619559269883935
2605,UBXN6,3.3852613,1.0806887,0.0007111055774273683,0.0060050894254090065
2618,FBXO31,3.3607614,1.4001473,0.0007772791123046918,0.00652422435552192
2622,KHSRP,3.3595836,1.2723343,0.0007806001975680948,0.006542793488352181
2626,LAX1,3.3576074,1.2165151,0.0007862018449483228,0.006580397924225271
2633,LRRK2,3.346627,1.5829177,0.000818011768083465,0.0068272743147362175
2636,FBH1,3.3410518,1.0902449,0.000834616415031003,0.0069560209194833205
2652,CLN8,3.3129923,1.2659715,0.0009230349823850977,0.00764703218295383
2653,MTA3,3.3126915,1.2680869,0.0009240288958302016,0.007652580360800087
2663,CEACAM21,3.3007426,2.3642921,0.0009642932957911263,0.007952555786358475
2664,ZNF83,3.298125,1.0214162,0.0009733277880942141,0.008024259791263616
2670,DGAT1,3.2903903,1.0596344,0.0010004847885111837,0.008230896641069874
2674,PMM1,3.281373,1.0482695,0.001033029869242273,0.008483856647086072
2677,PARP3,3.2799335,1.2389442,0.0010383155388368841,0.008516204114727463
2680,LAMP2,3.2708116,1.0925175,0.001072393391871541,0.008782686061188056
2683,TNK2,3.2626057,1.2569536,0.001103929782805388,0.009028431969353976
2687,HNRNPLL,3.2598836,2.1311197,0.0011145796125711447,0.00909976568506286
2690,FA2H,3.2549102,2.1187532,0.0011342817064174326,0.009247824219886238
2692,ZNF224,3.2533007,1.024703,0.0011407276138458815,0.009293957152089865
2694,PYCARD,3.2506309,1.2641797,0.0011514930828788203,0.009375195320865401
2698,HDGFL3,3.2468615,2.3124733,0.0011668513138150453,0.009483881391176485
2701,SNX30,3.245291,2.1381662,0.001173306269713286,0.009526504260076604
2705,CCDC92,3.2389567,1.1553277,0.0011996776218621214,0.009723022057890331
2707,FANCD2,3.2387867,1.0524529,0.0012003934362874392,0.009723022057890331
2715,CFP,3.2305677,3.420615,0.0012354463881265306,0.009979548630715434
2716,TECPR1,3.2284083,1.2585009,0.0012448116954467544,0.010051758620468608
2723,PMM2,3.2213542,1.1247166,0.0012758638074223843,0.010274381933330105
2726,COPRS,3.2163286,1.7186137,0.0012984207688687887,0.010445339266397418
2744,KDSR,3.1850235,1.3013698,0.0014474228529212502,0.011557348307679387
2748,ZNF711,3.1786106,1.3836854,0.0014798275202053987,0.011792156974817024
2754,CLP1,3.1761763,1.4293983,0.0014923021318485148,0.011865418063951123
2757,ALG2,3.175823,1.1281136,0.0014941209941946787,0.011869989170641871
2760,VPS41,3.1646464,1.309091,0.0015527157777396237,0.012314768313840168
2769,IFNLR1,3.1446357,1.2036301,0.0016629381581718273,0.01313159228749737
2793,RAB5B,3.10697,1.4297007,0.00189015592578792,0.01478732194775349
2796,PIGZ,3.1033056,3.0040107,0.0019137198156855082,0.014956797619081143
2797,FAM111B,3.1002822,1.437068,0.0019333627853771226,0.015105316724017286
2798,MYO1D,3.0967748,1.7718248,0.0019563839247248426,0.015280122361111998
2799,ZNF362,3.0959635,1.1688777,0.0019617454303773874,0.015316929339463275
2803,C11orf80,3.089904,1.3978026,0.00200221223117782,0.01561222837545097
2804,PIK3CD-AS2,3.08887,1.9007231,0.002009192960370946,0.01566148660622042
2805,PLAAT3,3.0884774,1.1086859,0.0020118497165086528,0.015677018441318497
2816,UROD,3.0684798,1.0191233,0.002151508482290747,0.016699130124139594
2822,CD68,3.0615697,1.201999,0.002201797454793741,0.017050205159283686
2831,CPSF1,3.0532985,1.0065408,0.002263407377103889,0.01746998179260402
2834,LSS,3.0510867,1.8059698,0.0022801477277388424,0.017581942769624274
2835,MID1IP1,3.0492938,1.0469708,0.0022938014649921184,0.017681448719206065
2836,RCC2,3.0491104,1.129865,0.00229520094673911,0.017686460315338954
2842,STMN1,3.0457993,1.7707673,0.0023206267332509765,0.01784742677905598
2844,PEX5,3.0371747,1.6625282,0.0023880701323555392,0.01835415803776874
2846,BICD1,3.0344133,1.1789385,0.0024100406058015214,0.018510962713548098
2847,C19orf12,3.0324502,1.2557281,0.002425771772959888,0.01862572906869624
2849,DOK3,3.029584,1.2383411,0.0024489080897799127,0.018791150079023173
2850,LZTS3,3.025383,1.1692091,0.0024831852865590752,0.01904178762789274
2853,CELSR1,3.0219672,1.4308529,0.002511378472100821,0.01923298704639704
2859,CC2D1B,3.0058172,1.2190006,0.002648681767376391,0.020245089299023626
2869,AHDC1,2.9895496,2.3927338,0.002793891566345856,0.021265470054969763
2877,COMT,2.9812782,1.0696404,0.002870478394270394,0.021792184477312355
2879,SLC33A1,2.980349,1.3978026,0.0028792009853212523,0.021844352573621835
2886,ACPP,2.9693034,6.5130267,0.002984758743218737,0.022579891223138415
2891,CTSC,2.966581,1.2327735,0.0030113095820850943,0.022744300821105436
2895,GNB4,2.9634533,1.0882034,0.0030420834121788454,0.02294736170586682
2897,ACAD11,2.9625633,1.7359321,0.003050891411814578,0.022999102520938834
2900,RALGAPA2,2.958323,1.5381567,0.003093179225885266,0.023295567730877452
2911,TNFRSF21,2.9478269,3.6276922,0.0032001632743022404,0.024009362289687152
2912,GTF3C3,2.9464788,1.2664273,0.0032141447882964125,0.024106596580286056
2918,MROH1,2.9366763,1.529535,0.003317502060028534,0.024826569791646633
2926,TMEM60,2.9208143,1.0770887,0.003491178371544907,0.02605193901472477
2931,AHSA1,2.9148726,1.0546939,0.0035583374561659483,0.02650282075666926
2932,FGFR1OP,2.9139435,1.4958402,0.0035689459428009133,0.026573448292722384
2952,ZNF251,2.8856223,1.3248117,0.003906407721316777,0.028894685504932585
2953,APOD,2.8851643,4.0492415,0.00391209631147698,0.028927697130260385
2955,AP2A1,2.8836198,1.4318008,0.003931330473896376,0.02905171984200882
2956,ZNF579,2.8808584,1.5265629,0.003965937977817514,0.029289122055828152
2964,GLMP,2.8684516,1.9969555,0.004124864472018833,0.03035833368664188
2971,LINC01619,2.8603897,1.3092299,0.004231208044445883,0.03107318091881026
2976,BAG3,2.8569083,1.2288632,0.004277893098551056,0.03136722920319993
2990,MIR155HG,2.83305,1.4500811,0.004610617643986651,0.03363969343153537
2991,CXXC1,2.832762,1.152639,0.004614772282494277,0.03365960141647478
3000,AGO4,2.822279,1.0135822,0.004768367083953095,0.034672756710580684
3001,PLXNA1,2.81974,2.4491708,0.004806256575789618,0.03493750352890741
3002,VCPIP1,2.8166122,1.0210567,0.004853309324476115,0.03526867610394389
3010,PITPNM2,2.8083148,2.3100972,0.004980152902510618,0.03609923769445268
3011,ATP2C1,2.806692,1.1999941,0.00500530914577358,0.036261605821882696
3012,MSTO1,2.8065479,1.0709995,0.0050075462870346294,0.03626668150134347
3017,GMPR2,2.8018627,1.0645351,0.005080850409736918,0.03674121085202833
3021,ALCAM,2.7920864,1.3670399,0.005236938490776825,0.03782357992588904
3024,AL121787.1,2.7901495,1.2776859,0.005268372963062523,0.03800409750830218
3026,GPN1,2.7859745,1.0324728,0.00533670731336553,0.038473519461626936
3034,GPRASP1,2.776787,1.332803,0.005489912597042867,0.03948153779037258
3037,LEPROT,2.7726514,1.2666163,0.005560163603158872,0.039950240951402996
3040,LZIC,2.766448,1.0171375,0.005667061731606318,0.04067205721564202
3047,GPR107,2.7590928,1.0382339,0.005796205684765438,0.0415072338524025
3048,EPN2,2.7584908,1.3057086,0.005806892773818202,0.04155854764718952
3052,METTL3,2.7537794,1.1797456,0.005891146340873766,0.04209770726116969
3054,FAM169A,2.752222,1.208476,0.005919238175798888,0.04227285284822425
3056,PINK1,2.7514236,1.5015384,0.005933684945268837,0.042348483178796206
3067,DMAC2,2.747118,1.0952822,0.006012152022140777,0.04276818088565062
3074,ZNF563,2.7382185,1.2150013,0.0061773031870225314,0.04385049236790762
3076,AC083798.2,2.7347503,1.0214038,0.006242761990356411,0.04428852156849485
3077,EBNA1BP2,2.7331405,1.249041,0.006273356408293254,0.04449219690653416
3078,ZNF407,2.7294238,1.2970887,0.006344513374238355,0.04498334309767134
3086,MREG,2.7205634,1.5279837,0.006517075701166586,0.04608224618772767
3101,MAN2B2,2.7080257,1.359565,0.006768477660448049,0.0476458032268283
3106,MCCC1,2.7026205,1.1163491,0.006879522021361977,0.04835537768618426
